,event
0,TED@BCG Mumbai
1,TED-Ed
2,TEDWomen 2019
3,TEDWomen 2019
4,TEDWomen 2019
5,TED Salon Brightline Initiative
6,TED-Ed
7,TED2019
8,TEDWomen 2019
9,TEDxCERN
10,TED-Ed
11,TED@NAS
12,TED-Ed
13,TED@DuPont
14,TEDWomen 2019
15,We the Future
16,TED-Ed
17,TED@BCG Mumbai
18,Countdown
19,TED-Ed
20,TEDSummit 2019
21,TED2019
22,TEDWomen 2019
23,TEDxManhattanBeach
24,TED-Ed
25,TEDWomen 2019
26,TED-Ed
27,TED Salon Brightline Initiative
28,TED@NAS
29,TED-Ed
30,TEDxSantaClaraUniversity
31,TED Residency
32,TED-Ed
33,TED-Ed
34,We the Future
35,TED@DuPont
36,TEDxSydney
37,TED Talks India: Nayi Baat
38,TED-Ed
39,TED@BCG Mumbai
40,TED@NAS
41,TED-Ed
42,TED Residency
43,We the Future
44,TEDxMidAtlantic
45,TED-Ed
46,TEDMED 2018
47,TED Talks India: Nayi Baat
48,TED-Ed
49,TEDxRiodelaPlata
50,TED@BCG Mumbai
51,TED Salon Brightline Initiative
52,TED@BCG Mumbai
53,TEDxBoulder
54,TEDxCambridge
55,TED-Ed
56,TED Salon Border Stories
57,TED Masterclass
58,TED2019
59,TEDxKeene
60,TEDxSydney
61,TED2019
62,TED-Ed
63,TED Talks India: Nayi Baat
64,TED-Ed
65,TEDMED 2018
66,TED-Ed
67,TED2019
68,TEDSummit 2019
69,TEDSummit 2019
70,TED Salon: Border Stories
71,TED Salon: Border Stories
72,TED Salon: Border Stories
73,TED Salon Border Stories
74,TEDxMileHigh
75,TED-Ed
76,We the Future
77,TEDxMidAtlantic
78,TED Talks India: Nayi Baat
79,TED-Ed
80,TEDSummit 2019
81,TEDSummit 2019
82,TED@DuPont
83,TED-Ed
84,TEDMED 2018
85,TED2019
86,TED-Ed
87,TED@BCG Mumbai
88,TEDxCERN
89,TED2019
90,TED-Ed
91,TED-Ed
92,TEDxMileHigh
93,TEDxRiga
94,TEDxNewYork
95,TEDxNashville
96,TEDSummit 2019
97,TED2019
98,TED2019
99,TED2019
100,TED2019
101,TEDxMidAtlantic
102,TED2019
103,TED-Ed
104,TED2019
105,TED2019
106,TED@BCG Mumbai
107,TED-Ed
108,TED2019
109,TED Salon The Macallan
110,TEDxMidAtlantic
111,TED-Ed
112,TEDxLondon
113,TEDxJacksonville
114,TED2019
115,TED2019
116,TED-Ed
117,We the Future
118,TED@DuPont
119,TEDxBasel
120,TED-Ed
121,TEDxChristchurch
122,TED Salon Border Stories
123,TED Salon The Macallan
124,TED2019
125,TED-Ed
126,TED2019
127,TED2019
128,TED Salon Brightline Initiative
129,TED2019
130,TED2019
131,TED-Ed
132,TED Salon Brightline Initiative
133,TEDSummit 2019
134,TED Salon Border Stories
135,TED-Ed
136,We the Future
137,TED2019
138,TED2019
139,TED-Ed
140,TEDxSydney
141,TEDSummit 2019
142,TED Salon Brightline Initiative
143,TEDxBerkeley
144,TED-Ed
145,TED@DuPont
146,TEDMED 2018
147,TED-Ed
148,TED2019
149,TED Residency
150,TED-Ed
151,TED2019
152,TEDxYouth@Valladolid
153,TED2019
154,TED Salon The Macallan
155,TED-Ed
156,TED Salon Border Stories
157,TEDMED 2018
158,TED-Ed
159,TEDxFergusonLibrary
160,TED-Ed
161,TEDSummit 2019
162,TED2019
163,TEDSummit 2019
164,TED2019
165,TED2009
166,TEDxOslo
167,TEDSummit 2019
168,TED2019
169,TED-Ed
170,TEDSummit 2019
171,TED2019
172,TED-Ed
173,TED2019
174,TEDSummit 2019
175,TEDxBinghamtonUniversity
176,TED-Ed
177,TED2019
178,TEDSummit 2019
179,TEDSummit 2019
180,TED-Ed
181,TEDMED 2018
182,TED-Ed
183,TED2019
184,TED-Ed
185,TEDxYouth@München
186,TEDSummit 2019
187,TED2019
188,TED2019
189,TEDMED 2018
190,TED-Ed
191,TEDSummit 2019
192,TEDxGateway
193,TED2019
194,TED2019
195,TED Salon The Macallan
196,TED-Ed
197,TEDxWanChai
198,TEDSummit 2019
199,TED-Ed
200,TED Residency
201,TED-Ed
202,TED2019
203,TED-Ed
204,TEDSummit 2019
205,TED2019
206,TEDxSydney
207,TEDSummit 2019
208,TED-Ed
209,TED2019
210,TEDxCanberra
211,TEDxRiodelaPlata
212,TEDxUofW
213,TEDxSanFrancisco
214,TEDxAtlanta
215,TED-Ed
216,TED-Ed
217,TED-Ed
218,TED-Ed
219,TED-Ed
220,TED-Ed
221,TED2019
222,TEDSummit 2019
223,TED2019
224,TED2019
225,TEDSummit 2019
226,TEDxWellington
227,TEDxMileHigh
228,TEDxSaintThomas
229,TEDxKlagenfurt
230,TED2019
231,TEDSummit 2019
232,TEDSummit 2019
233,TED-Ed
234,TEDSummit 2019
235,TEDxMidAtlantic
236,TED-Ed
237,TEDSummit 2019
238,TED2019
239,TEDxMünchen
240,TEDxBloomington
241,TEDxDoha
242,TEDxSanFrancisco
243,TED-Ed
244,TEDMED 2018
245,TED2019
246,TEDxMidAtlantic
247,TED-Ed
248,TED2019
249,TED-Ed
250,TED2019
251,TED2019
252,TED Salon The Macallan
253,TED2019
254,TED-Ed
255,TED2019
256,TED-Ed
257,TED2019
258,TEDxPittsburgh
259,TED Residency
260,TED2019
261,TED2019
262,TED-Ed
263,TEDxJacksonHole
264,TEDxAtlanta
265,TEDxSandhillsCommunityCollege
266,TEDxUofT
267,TED Residency
268,TED2019
269,TEDxSavannah
270,TED-Ed
271,TED2019
272,TED Salon Brightline Initiative
273,TED-Ed
274,TEDWomen 2018
275,TEDxMidAtlantic
276,TED-Ed
277,TED Residency
278,TEDxRoma
279,TED2019
280,TED2019
281,TED-Ed
282,TEDxBeaconStreetSalon
283,TED2019
284,TED-Ed
285,TED2019
286,TED-Ed
287,TED-Ed
288,TED2019
289,TEDxExeter
290,TED2019
291,TED2019
292,TED2019
293,TEDxExeter
294,TEDxStockholm
295,TEDxKyoto
296,TED-Ed
297,TED-Ed
298,TED Salon: Belonging
299,TED Salon: Belonging
300,TED Salon: Belonging
301,TEDxFondduLac
302,TEDxLondon
303,TED2019
304,TED-Ed
305,TED2019
306,TED-Ed
307,TED2019
308,TED2019
309,TED-Ed
310,TEDxTaipei
311,TED-Ed
312,TED2019
313,TED-Ed
314,TEDMED 2018
315,TED-Ed
316,TEDxCuauhtémoc
317,TEDxVienna
318,TEDxYouth@Beaconstreet
319,TEDxRapidCity
320,TED2019
321,TED-Ed
322,TED2019
323,TED Salon Doha Debates
324,TED-Ed
325,TED-Ed
326,TED2019
327,TED2019
328,TEDWomen 2018
329,TEDWomen 2018
330,TEDWomen 2018
331,TEDWomen 2018
332,TED Salon: Belonging
333,TED Salon: Radical Craft
334,TEDWomen 2018
335,TEDWomen 2018
336,TEDWomen 2018
337,TEDWomen 2018
338,TEDWomen 2018
339,TEDWomen 2018
340,TED-Ed
341,TEDxMtHood
342,TED-Ed
343,TEDWomen 2018
344,TED-Ed
345,TED Salon: Education Everywhere
346,TED2019
347,TEDxMileHigh
348,TEDxYouth@Beaconstreet
349,TEDxGroningen
350,TEDxMidAtlantic
351,TEDxTeen
352,TEDxAlbertopolis
353,TED2019
354,TED2019
355,TED-Ed
356,TEDWomen 2018
357,TED-Ed
358,TED2019
359,TED2019
360,TED-Ed
361,TED2019
362,TEDMED 2018
363,TED-Ed
364,TEDxMileHigh
365,TED-Ed
366,TED2019
367,TED2019
368,TEDxToronto
369,TED-Ed
370,TEDxMileHigh
371,TED2019
372,TED Salon U.S. Air Force
373,TEDxYouth@Sydney
374,TED-Ed
375,TED2019
376,TEDxSydneySalon
377,TEDxCU
378,TED-Ed
379,TED2019
380,TED-Ed
381,TEDxNSU
382,TED2019
383,TED2019
384,TED-Ed
385,TED Salon U.S. Air Force
386,TED Residency
387,TED2019
388,TED-Ed
389,TED2019
390,TED-Ed
391,TEDxMileHigh
392,TED-Ed
393,TED-Ed
394,TED-Ed
395,TED-Ed
396,TED-Ed
397,TEDxCreightonU
398,TED2019
399,TED2018
400,TED2019
401,TED2019
402,TED2019
403,TEDxClearBrookHighSchool
404,TED2019
405,TEDxMileHigh
406,TEDxStanford
407,TEDxOslo
408,TEDxRiga
409,TEDWomen 2018
410,TED Salon Doha Debates
411,TED-Ed
412,TED Salon U.S. Air Force
413,TED Residency
414,TEDxGateway
415,TEDWomen 2018
416,TED-Ed
417,TED Salon Doha Debates
418,TEDxShimizu
419,TEDxWalthamED
420,TEDxBeaconStreet
421,TED-Ed
422,TED Residency
423,TEDWomen 2018
424,TED-Ed
425,TED Salon: Education Everywhere
426,TED-Ed
427,TEDxAuckland
428,TEDxSeattle
429,TED Salon: Education Everywhere
430,TED-Ed
431,TED Residency
432,TEDxSydneySalon
433,TEDxAarhus
434,TED-Ed
435,TEDxRiodelaPlata
436,TEDxFoggyBottom
437,TEDxDayton
438,TEDxVienna
439,TED2017
440,TED-Ed
441,TED-Ed Weekend
442,TEDxAmsterdamWomen
443,TED-Ed
444,TED Salon: Education Everywhere
445,TEDxProvincetown
446,TED-Ed
447,TEDWomen 2018
448,TED-Ed
449,TEDxBoulder
450,TEDxWarwick
451,TED Salon: Radical Craft
452,TED-Ed
453,TEDMED 2018
454,TEDxSydney
455,TEDxUHasselt
456,TED Salon U.S. Air Force
457,TED-Ed
458,TEDxSydney
459,TED-Ed
460,TEDxManchester
461,TEDWomen 2018
462,TEDxLondon
463,TED-Ed
464,TEDxManhattanBeach
465,TEDxCapeTownWomen
466,TED2018
467,TEDxVienna
468,TED-Ed
469,TED en Español en NYC
470,TED2018
471,TED-Ed
472,TEDWomen 2018
473,TEDxRiodelaPlata
474,TEDxGroningen
475,TEDxLeicester
476,TEDxAthens
477,TEDxLSU
478,TED-Ed
479,TEDWomen 2018
480,TEDxMcMinnville
481,"TED@Merck KGaA, Darmstadt, Germany"
482,TED-Ed
483,TEDWomen 2018
484,TED-Ed
485,TEDxCesena
486,TED Salon: Belonging
487,TEDWomen 2018
488,TED-Ed
489,TEDWomen 2018
490,TED-Ed
491,TED-Ed
492,TED Salon: Education Everywhere
493,TED-Ed
494,TED Residency
495,TED-Ed
496,TED Salon Zebra Technologies
497,TEDxCopenhagen
498,TEDxToronto
499,TEDxOrlando
500,TEDxNantes
501,TEDxThessaloniki
502,TEDxEuston
503,TEDxCERN
504,TED-Ed
505,TEDWomen 2018
506,TEDxGhent
507,TED Salon Doha Debates
508,TED-Ed
509,The Way We Work
510,TEDxMileHigh
511,TEDMED 2018
512,TED-Ed
513,TEDWomen 2018
514,TED@BCG Toronto
515,TED-Ed
516,"TED@Merck KGaA, Darmstadt, Germany"
517,TEDWomen 2018
518,TED-Ed
519,TEDxToronto
520,TED-Ed
521,TEDxSoMa
522,TEDxCoventGardenWomen
523,TED Salon Zebra Technologies
524,The Way We Work
525,TEDxSaltLakeCity
526,TEDxSalford
527,TEDxUofM
528,TEDxPSU
529,TEDxRiodelaPlata
530,TED Salon Verizon
531,TED-Ed
532,TED Salon: Radical Craft
533,TEDWomen 2018
534,TEDxTysons
535,TEDWomen 2018
536,TEDxDebrecenUniversity
537,TEDxBoulder
538,TEDxStockholm
539,TED-Ed
540,TEDWomen 2018
541,The Way We Work
542,"TED@Merck KGaA, Darmstadt, Germany"
543,TED Salon Samsung
544,TED-Ed
545,TED Salon: Radical Craft
546,TEDxPurdueU
547,TEDxBellevue
548,TED Salon Zebra Technologies
549,TED-Ed
550,TEDWomen 2018
551,TEDxVirginiaTech
552,TEDxCapeMay
553,The Way We Work
554,TEDWomen 2018
555,TED2018
556,TED Salon: Belonging
557,TED-Ed Weekend
558,TED-Ed
559,TEDWomen 2018
560,TED-Ed
561,TEDWomen 2018
562,"TED@Merck KGaA, Darmstadt, Germany"
563,"TED@Merck KGaA, Darmstadt, Germany"
564,"TED@Merck KGaA, Darmstadt, Germany"
565,"TED@Merck KGaA, Darmstadt, Germany"
566,"TED@Merck KGaA, Darmstadt, Germany"
567,"TED@Merck KGaA, Darmstadt, Germany"
568,"TED@Merck KGaA, Darmstadt, Germany"
569,"TED@Merck KGaA, Darmstadt, Germany"
570,"TED@Merck KGaA, Darmstadt, Germany"
571,"TED@Merck KGaA, Darmstadt, Germany"
572,"TED@Merck KGaA, Darmstadt, Germany"
573,TEDxBrisbane
574,TED-Ed
575,TEDxCambridge
576,The Way We Work
577,TEDxYouth@CEHS
578,TEDWomen 2018
579,TED-Ed
580,TEDWomen 2018
581,TEDxColumbus
582,"TED@Merck KGaA, Darmstadt, Germany"
583,TED Salon Brightline Initiative
584,TED-Ed
585,TED@BCG Toronto
586,TED-Ed
587,TEDWomen 2018
588,The Way We Work
589,TED Salon Brightline Initiative
590,TED-Ed
591,TED@BCG Toronto
592,TEDxRainier
593,TEDxBeaconStreet
594,TEDxSydney
595,TEDWomen 2018
596,TEDWomen 2018
597,TED-Ed
598,TEDxPeachtree
599,TEDxBeaconStreet
600,TED Salon: Radical Craft
601,We the Future
602,TED-Ed
603,TEDWomen 2018
604,TEDxBeaconStreet
605,TED-Ed
606,"TED@Merck KGaA, Darmstadt, Germany"
607,The Way We Work
608,TEDWomen 2018
609,TED-Ed
610,TED@BCG Toronto
611,TED Salon Samsung
612,TEDWomen 2018
613,TED@BCG Toronto
614,TEDxUND
615,TED-Ed
616,TEDxUGA
617,TED-Ed
618,TEDxExeter
619,The Way We Work
620,TEDxRiodelaPlata
621,TEDWomen 2018
622,TED-Ed
623,TED@BCG Toronto
624,TEDxMileHighWomen
625,TEDxManhattan
626,TEDxCSU
627,TEDxWarwick
628,TEDxCambridge
629,TED-Ed
630,TEDWomen 2018
631,TED-Ed
632,TED@BCG Toronto
633,The Way We Work
634,TEDWomen 2018
635,TED-Ed
636,TEDxRiodelaPlata
637,TED Salon: Radical Craft
638,TED-Ed
639,We the Future
640,TED Salon Zebra Technologies
641,TED-Ed
642,TED2018
643,TED@UPS
644,TED2018
645,TED2018
646,TEDxSanFrancisco
647,TED-Ed
648,TED@BCG Toronto
649,TED@BCG Toronto
650,TED@BCG Toronto
651,TED@BCG Toronto
652,TED@BCG Toronto
653,TED@BCG Toronto
654,TED@BCG Toronto
655,TED@BCG Toronto
656,TED-Ed
657,TEDxUWLaCrosse
658,TED Salon Brightline Initiative
659,TEDxTeen
660,TEDxGateway
661,TEDxOgden
662,TEDxRainier
663,TED-Ed
664,TED-Ed
665,TED Salon Brightline Initiative
666,TEDxLondonBusinessSchool
667,TEDxBocaRaton
668,TED Salon Samsung
669,TED-Ed
670,We the Future
671,TEDxMileHigh
672,TEDxVeniceBeach
673,TED-Ed
674,We the Future
675,TEDxMidAtlantic
676,TED-Ed
677,TEDxSydney
678,TEDxLondon
679,TED-Ed
680,TED@BCG Toronto
681,TEDxStanford
682,TEDxCambridge
683,TEDxMidAtlantic
684,TED Salon Samsung
685,We the Future
686,TED-Ed
687,TEDxMileHigh
688,TED Salon Verizon
689,TED-Ed
690,TEDxSanFrancisco
691,TEDxMidAtlantic
692,TEDxUniversityofNevada
693,TEDxUniversityofNevada
694,TED2018
695,TED2018
696,TED-Ed
697,TED2018
698,TEDxPittsburgh
699,We the Future
700,TED-Ed
701,TED@UPS
702,TEDxPasadena
703,TED-Ed
704,TED@BCG Toronto
705,TEDxUofT
706,TED-Ed
707,TED Salon Optum
708,We the Future
709,TED-Ed
710,TED2018
711,TED Salon Samsung
712,TED-Ed
713,TED en Español en NYC
714,TEDxBerkeley
715,TED-Ed
716,TEDxDePaulUniversity
717,TED Salon Verizon
718,TED Salon Optum
719,TEDxBroadway
720,TED-Ed
721,TED Residency
722,TED2018
723,TEDxMidAtlantic 2017
724,TEDxGalway
725,TED2018
726,TEDGlobal 2017
727,TED-Ed
728,TED Salon Brightline Initiative
729,TEDxUniversityofNevada
730,TED-Ed
731,TEDxLivoniaCCLibrary
732,TEDxSaltLakeCity
733,TEDxSydney
734,TEDxSanFranciscoSalon
735,TEDxLondonBusinessSchool
736,TEDxGatewayWomen
737,TED2018
738,TED-Ed
739,TED2018
740,TED-Ed
741,TED2018
742,TEDWomen 2017
743,TED@UPS
744,TED-Ed
745,TED Salon Brightline Initiative
746,TED-Ed
747,TED2018
748,TED en Español en NYC
749,TED2018
750,TED2018
751,TEDxMileHigh
752,TED-Ed
753,TED2018
754,TED@UPS
755,TED2018
756,TED-Ed
757,TEDxMileHigh
758,TEDMED 2017
759,TED-Ed
760,TED2018
761,TED2018
762,TEDxSydney
763,TED2018
764,TED-Ed
765,TEDGlobal 2017
766,TEDxMidAtlantic
767,TED2018
768,TED2018
769,TED-Ed
770,TED@UPS
771,TED@UPS
772,TED@UPS
773,TED@UPS
774,TED@UPS
775,TED@UPS
776,TED@UPS
777,TED@UPS
778,TEDxFondduLac
779,TED2018
780,TED-Ed
781,TED-Ed
782,TED-Ed
783,TED-Ed
784,TED-Ed
785,TED-Ed
786,TED-Ed
787,TED-Ed
788,TED-Ed
789,TED-Ed
790,TED-Ed
791,TED-Ed
792,TED-Ed
793,TED Salon Optum
794,TED-Ed
795,TED-Ed
796,TED2018
797,TED2018
798,TED2018
799,TED-Ed
800,TED@UPS
801,TEDxMileHigh
802,TED-Ed
803,TEDxNewYork
804,TEDxYouth@Beaconstreet
805,TEDxMidAtlantic
806,TEDxOU
807,TEDxMileHigh
808,TEDMED 2017
809,TEDxOrlando
810,TEDWomen 2017
811,TED Residency
812,TED-Ed
813,TEDxKakumaCamp
814,TED2018
815,TED2018
816,TED-Ed
817,TED2018
818,TED2018
819,TEDxMemphis
820,TED2018
821,TED-Ed
822,TED Salon Brightline Initiative
823,TED en Español en NYC
824,TED@UPS
825,TED Residency
826,TED-Ed
827,TED2018
828,TED2018
829,TED Salon Brightline Initiative
830,TED2018
831,TEDxMidAtlantic
832,TED-Ed
833,TEDGlobal 2017
834,TEDxKakumaCamp
835,TED Salon Brightline Initiative
836,TED-Ed
837,TEDxBeaconStreet
838,TED2018
839,TED-Ed
840,TED-Ed
841,TED-Ed
842,TED-Ed
843,TED-Ed
844,TED2018
845,TEDxUniversityofRochester
846,TEDxSydney
847,TED-Ed
848,TED2018
849,TED2018
850,TEDxSydney
851,TEDGlobal 2017
852,TED2018
853,TED2018
854,TEDNYC
855,TEDxLondon
856,TEDxLondon
857,TED-Ed
858,TED2018
859,TEDxUTFSM
860,TEDxCalzadaDeLosHéroes
861,TEDxRosario
862,TEDxRiodelaPlata
863,TEDxMadrid
864,TEDxValladolid
865,TEDxValladolid
866,TEDxTarragona
867,TEDxUFM
868,TEDxPitic
869,TED2018
870,TEDxRiodelaPlata
871,TEDxReus
872,TED2018
873,TED-Ed
874,TEDxLondon
875,TED2018
876,TED en Español en NYC
877,TEDxRosario 2017
878,TED2018
879,TED2018
880,TED2018
881,TEDxVCU
882,TED-Ed
883,TED2018
884,TED2018
885,TEDMED 2017
886,TED-Ed
887,TEDGlobal 2017
888,TED2018
889,TED-Ed
890,TED-Ed
891,TEDxUIdaho
892,TED2018
893,TED2018
894,TEDxFIU
895,TEDxUCDavis
896,TEDxKyoto
897,TEDxAustinWomen
898,TEDxUniversityofNevada
899,TED2018
900,TED2018
901,TED-Ed
902,TEDxMidAtlantic
903,TED-Ed
904,TED2018
905,TED2018
906,TEDxPittsburgh
907,TED2018
908,TED2018
909,TED2018
910,TED-Ed
911,TED2018
912,TED2018
913,TEDxMidAtlantic
914,TEDxUCLA
915,TED-Ed
916,TED2018
917,TED2018
918,TED-Ed
919,TEDxPortland
920,TED2018
921,TEDMED 2017
922,TED-Ed
923,TED en Español en NYC
924,TED2018
925,TEDGlobal 2017
926,TEDxNashville
927,TED-Ed
928,TED2018
929,TED2018
930,TEDxBeaconStreet
931,TED-Ed
932,TED2018
933,TED-Ed
934,DIY Neuroscience
935,DIY Neuroscience
936,DIY Neuroscience
937,DIY Neuroscience
938,DIY Neuroscience
939,DIY Neuroscience
940,TED2018
941,TED2018
942,TEDxExeter
943,TED2018
944,TED en Español en NYC
945,TED2018
946,TED2018
947,TEDxPenn
948,TEDxDanubia
949,TEDMED 2017
950,TED2018
951,TED2018
952,TEDxLSU
953,TED Residency
954,TED2018
955,TED2018
956,TEDWomen 2017
957,TEDGlobal 2017
958,TEDxManhattanBeach
959,TED@Westpac
960,TEDxPlaceDesNations
961,TEDxExeter
962,TEDxMadrid
963,TEDxMidAtlantic
964,TEDxParis
965,TED Salon Brightline Initiative
966,TED2018
967,TEDMED 2017
968,TEDxPenn
969,TEDxUCincinnati
970,TED Residency
971,TED2018
972,TED2018
973,TEDWomen 2017
974,TEDGlobal 2017
975,TEDGlobal 2017
976,TED2018
977,TED2018
978,TEDxLincolnSquare
979,TED2018
980,TED2018
981,TEDGlobal 2017
982,TEDxUF
983,TED2018
984,TED@Westpac
985,TEDxMidAtlantic 2017
986,TEDWomen 2017
987,TED@UPS
988,TED2018
989,TEDxBeaconStreet
990,TEDGlobal 2017
991,TED2018
992,TEDMED 2017
993,TED@IBM
994,TED2018
995,TED2018
996,TEDGlobal 2017
997,TEDxMidAtlantic
998,TED@Westpac
999,TED2018
1000,TEDGlobal 2017
1001,TEDWomen 2017
1002,TED2018
1003,TED2018
1004,TED2018
1005,TEDWomen 2017
1006,TEDMED 2017
1007,"TED@Merck KGaA, Darmstadt, Germany"
1008,TED2018
1009,TED2018
1010,TED2018
1011,TED2018
1012,TED2018
1013,TED2018
1014,TED2018
1015,TED Residency
1016,TEDWomen 2017
1017,TEDxMidAtlantic
1018,TEDWomen 2017
1019,TEDGlobal 2017
1020,TED2017
1021,TEDNYC
1022,Torchbearers
1023,Torchbearers
1024,Torchbearers
1025,Torchbearers
1026,Torchbearers
1027,TEDNYC
1028,"TED@Merck KGaA, Darmstadt, Germany"
1029,TED-Ed
1030,TED@IBM
1031,TEDxMileHigh
1032,TEDxMidAtlantic
1033,TEDGlobal 2017
1034,TEDGlobal 2017
1035,TEDxHull
1036,TEDxBerkleeValencia
1037,TEDxMidAtlantic 2013
1038,TEDxTysons
1039,TEDxSF
1040,TEDxUniversityofNevada
1041,TEDxMileHighWomen
1042,TEDGlobal 2017
1043,TED@Westpac
1044,"TED@Merck KGaA, Darmstadt, Germany"
1045,TEDxCoconutGrove
1046,TEDGlobal 2017
1047,TEDWomen 2017
1048,TED@BCG Milan
1049,TEDMED 2017
1050,TED Residency
1051,TEDWomen 2017
1052,TEDGlobal 2017
1053,TEDxBeaconStreet
1054,TEDWomen 2017
1055,TED Salon Brightline Initiative
1056,TED Residency
1057,TEDxMalagueta
1058,TEDWomen 2017
1059,Small Thing Big Idea
1060,Small Thing Big Idea
1061,Small Thing Big Idea
1062,Small Thing Big Idea
1063,Small Thing Big Idea
1064,Small Thing Big Idea
1065,Small Thing Big Idea
1066,Small Thing Big Idea
1067,"TED@Merck KGaA, Darmstadt, Germany"
1068,TEDxUniversityofMississippi
1069,TED Residency
1070,TEDWomen 2017
1071,TEDGlobal 2017
1072,TEDMED 2017
1073,TEDWomen 2017
1074,TED@IBM
1075,TEDGlobal>NYC
1076,TED@Tommy
1077,TEDxUppsalaUniversity
1078,TEDGlobal 2017
1079,TEDWomen 2017
1080,TEDxSnoIsleLibraries
1081,TEDWomen 2017
1082,TEDWomen 2017
1083,TEDxStanford
1084,TEDxMidAtlantic 2017
1085,TEDWomen 2017
1086,TED2017
1087,TED@Westpac
1088,"TED@Merck KGaA, Darmstadt, Germany"
1089,TEDMED 2017
1090,TED@IBM
1091,TEDGlobal 2017
1092,TEDWomen 2017
1093,TEDNYC
1094,TED Residency
1095,TED@BCG Milan
1096,TEDxOhioStateUniversity
1097,TED@Tommy
1098,TED@Westpac
1099,TED@Westpac
1100,TED@Westpac
1101,TED@Westpac
1102,TED@Westpac
1103,TED@Westpac
1104,TED@Westpac
1105,TED@Westpac
1106,TED@Westpac
1107,TED@Westpac
1108,TEDGlobal 2017
1109,TEDWomen 2017
1110,TEDxOslo
1111,TED@BCG Milan
1112,TED@IBM
1113,TED@IBM
1114,TED@IBM
1115,TED@IBM
1116,TED@IBM
1117,TED@IBM
1118,TED@IBM
1119,TED@IBM
1120,TED@IBM
1121,TED@IBM
1122,TED@IBM
1123,TED@IBM
1124,TED@IBM
1125,TED@IBM
1126,TED@IBM
1127,TED@IBM
1128,TED@IBM
1129,TED@IBM
1130,TED@IBM
1131,TED@IBM
1132,TED@IBM
1133,TED@IBM
1134,TED@IBM
1135,TED@IBM
1136,TED@IBM
1137,TED@IBM
1138,TED@IBM
1139,TED@IBM
1140,TED Salon Brightline Initiative
1141,TED@IBM
1142,TED@IBM
1143,TED@IBM
1144,TED@IBM
1145,TED@IBM
1146,TED@IBM
1147,TED@IBM
1148,TED@IBM
1149,TED@IBM
1150,TED@IBM
1151,TED@IBM
1152,TED@IBM
1153,TED@IBM
1154,TED@IBM
1155,TED@IBM
1156,TED@IBM
1157,TED@IBM
1158,TEDWomen 2017
1159,TED@Tommy
1160,TEDGlobal 2017
1161,TED@Westpac
1162,TEDxUniversityofNevada
1163,TEDWomen 2017
1164,TEDGlobal 2017
1165,TED@BCG Milan
1166,TED2017
1167,TEDxYorkU
1168,TEDGlobal 2017
1169,TEDNYC
1170,TEDWomen 2017
1171,TEDxBeaconStreet
1172,TEDWomen 2017
1173,"TED@Merck KGaA, Darmstadt, Germany"
1174,"TED@Merck KGaA, Darmstadt, Germany"
1175,"TED@Merck KGaA, Darmstadt, Germany"
1176,"TED@Merck KGaA, Darmstadt, Germany"
1177,"TED@Merck KGaA, Darmstadt, Germany"
1178,"TED@Merck KGaA, Darmstadt, Germany"
1179,"TED@Merck KGaA, Darmstadt, Germany"
1180,"TED@Merck KGaA, Darmstadt, Germany"
1181,TEDGlobal 2017
1182,TEDWomen 2017
1183,TEDGlobal 2017
1184,TEDGlobal 2017
1185,TEDxPaloAlto
1186,TED@IBM
1187,TEDGlobal 2017
1188,TEDGlobal 2017
1189,TED@BCG Milan
1190,TEDGlobal>NYC
1191,TEDWomen 2017
1192,TEDWomen 2017
1193,TED2017
1194,TEDxBeaconStreet
1195,"TED@Merck KGaA, Darmstadt, Germany"
1196,TED@Westpac
1197,TED Salon Brightline Initiative
1198,TEDGlobal 2017
1199,TED2017
1200,TEDxStanford
1201,TEDxMontreal
1202,TEDxBeaconStreet
1203,TEDGlobal 2017
1204,TEDGlobal 2017
1205,TED@Tommy
1206,TED@Tommy
1207,TED@Tommy
1208,TEDGlobal 2017
1209,TED@Tommy
1210,TED@Tommy
1211,TED@Tommy
1212,TED@Tommy
1213,TED@Tommy
1214,TED@Tommy
1215,TED@Tommy
1216,TED@Tommy
1217,TED2017
1218,TED Residency
1219,TEDxVermilionStreet
1220,TEDxMileHigh
1221,TED@BCG Milan
1222,TED@IBM
1223,TEDGlobal 2017
1224,TED@BCG Milan
1225,TEDGlobal 2017
1226,TEDWomen 2017
1227,TEDxSkoll
1228,TEDxMileHigh
1229,TEDxBristol
1230,TEDGlobal 2017
1231,"TED@Merck KGaA, Darmstadt, Germany"
1232,TED Talks India
1233,TED2017
1234,TED@BCG Milan
1235,TED2017
1236,TEDGlobal 2017
1237,TEDGlobal 2017
1238,TEDWomen 2017
1239,TEDxBariloche
1240,TEDxLeuven
1241,TED Talks India
1242,TEDxBeaconStreet
1243,TEDxRapidCity
1244,TEDWomen 2017
1245,TED2017
1246,TED Salon Brightline Initiative
1247,TED@Tommy
1248,TEDxRiodelaPlata
1249,TED Residency
1250,TED@BCG Milan
1251,TED@BCG Milan
1252,TED@BCG Milan
1253,TED@BCG Milan
1254,TED@BCG Milan
1255,TEDWomen 2017
1256,TEDWomen 2017
1257,TEDxPennsylvaniaAvenue
1258,TED2017
1259,TED@BCG Milan
1260,TED2017
1261,TEDxStormontWomen
1262,TEDxBeaconStreet
1263,TEDGlobal 2017
1264,TED2017
1265,TEDxYouth@Sydney
1266,TEDWomen 2017
1267,TED Studio
1268,TEDxStLouisWomen
1269,TEDxYouth@Bath
1270,TED Salon Brightline Initiative
1271,TEDGlobal 2017
1272,TEDGlobal>NYC
1273,TED2017
1274,TEDxMileHighWomen
1275,TED Residency
1276,TED2017
1277,TEDMED 2016
1278,TED Residency
1279,TEDWomen 2017
1280,TEDxMinneapolis
1281,TEDNYC
1282,TEDGlobal>NYC
1283,TED@UPS
1284,TED-Ed
1285,TEDxBratislava
1286,TEDGlobal 2017
1287,TEDxBend
1288,TEDxRiodelaPlata
1289,TEDGlobal 2017
1290,TEDWomen 2017
1291,TED@BCG Milan
1292,TEDxDanubia
1293,TEDGlobal 2017
1294,TED2017
1295,TED2017
1296,TED2017
1297,TEDGlobal>NYC
1298,TED Residency
1299,TED2017
1300,TED@BCG Milan
1301,TED2017
1302,TEDxBeaconStreet
1303,TED@UPS
1304,TEDGlobal 2017
1305,TED2017
1306,TEDGlobal 2017
1307,TED2017
1308,TEDGlobal>NYC
1309,TED2017
1310,TED2017
1311,TED Residency
1312,TEDGlobal>NYC
1313,TED2017
1314,TED@UPS
1315,TEDxCharlottesville
1316,TED2017
1317,TEDGlobal 2017
1318,TEDGlobal>NYC
1319,TEDGlobal 2017
1320,TED Residency
1321,TED2017
1322,TED2017
1323,TED2017
1324,TED2017
1325,TEDxIndianaUniversity
1326,TED2017
1327,TED@UPS
1328,TEDGlobal 2017
1329,TED2017
1330,TED Residency
1331,TED2017
1332,TEDxMileHigh
1333,TED2017
1334,TED2017
1335,TED Residency
1336,TEDGlobal 2017
1337,TED2017
1338,TEDGlobal 2017
1339,TEDxManchester
1340,TED@UPS
1341,TED@UPS
1342,TED@UPS
1343,TED@UPS
1344,TED@UPS
1345,TED@UPS
1346,TED@UPS
1347,TED@UPS
1348,TED@UPS
1349,TEDGlobal 2017
1350,TEDxZurich
1351,TED2017
1352,TEDxMileHigh
1353,TEDGlobal 2017
1354,TEDxSkoll
1355,TED2017
1356,TED2017
1357,TEDxGhent
1358,TED2017
1359,TEDxExeter
1360,TEDxHamburg
1361,TEDxStanford
1362,TED2017
1363,TEDxSydney
1364,TED2017
1365,TEDxCrenshaw
1366,TED2017
1367,TEDxStanford
1368,TED2017
1369,TED2017
1370,TEDxCambridge
1371,TED2017
1372,TED2017
1373,TED2017
1374,TEDxPennsylvaniaAvenue
1375,TED2017
1376,TED2017
1377,TEDxMidAtlantic
1378,TED2017
1379,TED2017
1380,TED2017
1381,TED2017
1382,TEDxMileHigh
1383,TED2017
1384,TEDMED 2016
1385,TED2017
1386,TED2017
1387,TEDNYC
1388,TED2017
1389,TED2017
1390,TED2017
1391,TED2017
1392,TEDMED 2016
1393,TED2017
1394,TED2017
1395,TED2017
1396,TED Residency
1397,TED2017
1398,TEDxCambridge
1399,TED2017
1400,TED2017
1401,TED2017
1402,TEDxPSU
1403,TED2017
1404,TED2017
1405,TED2017
1406,TED2017
1407,TEDxBeaconStreet
1408,TEDNYC
1409,TED2017
1410,TED2017
1411,TED2017
1412,TEDNYC
1413,TEDMED 2016
1414,TEDxOrcasIsland
1415,TED2017
1416,TED2017
1417,TED-Ed
1418,TED2017
1419,TED2017
1420,TED-Ed
1421,TEDxRiodelaPlata
1422,TEDNYC
1423,TED2017
1424,TED-Ed
1425,TEDNYC
1426,TED2016
1427,TED2017
1428,TED Residency
1429,TED2017
1430,TED-Ed
1431,TEDxFulbrightDublin
1432,TED2017
1433,TEDxMidAtlantic
1434,TED-Ed
1435,TED2017
1436,TEDNairobi Ideas Search
1437,TED2017
1438,TED2017
1439,TEDxManhattanBeach
1440,TED-Ed
1441,TED2017
1442,TEDMED 2016
1443,TED-Ed
1444,TED2017
1445,TED-Ed
1446,TED2017
1447,TEDxCERN
1448,TED2017
1449,TED2017
1450,TEDMED 2016
1451,TED2017
1452,TEDLagos Ideas Search
1453,TED2017
1454,TEDxSkoll
1455,TED-Ed
1456,TED2017
1457,TED2017
1458,TED2017
1459,TED2017
1460,TEDxVirginiaTech
1461,TED-Ed
1462,TEDLagos Ideas Search
1463,TED-Ed
1464,TED-Ed
1465,TEDxSanQuentin
1466,TEDMED 2016
1467,TEDNYC
1468,TEDxPerth
1469,TEDNYC
1470,TED-Ed
1471,TEDxEuston
1472,TED Residency
1473,TEDNYC
1474,TEDxPSU
1475,TED-Ed
1476,TEDxMidAtlantic
1477,TEDNYC
1478,TEDMED 2016
1479,TEDxRiodelaPlata
1480,TEDxBeaconStreet
1481,TED Dialogues
1482,TEDxColumbusWomen
1483,TED-Ed
1484,TEDMED 2016
1485,TED2016
1486,TEDxBratislava
1487,TEDxMidAtlantic
1488,TEDWomen 2016
1489,TED-Ed Weekend
1490,TEDNYC
1491,TEDxFrankfurt
1492,TED-Ed
1493,TEDxBeaconStreet
1494,TED-Ed
1495,TEDWomen 2016
1496,TED-Ed
1497,TEDxNatick
1498,TEDxMidAtlantic
1499,TED2016
1500,TEDxRiodelaPlata
1501,TED-Ed
1502,TEDWomen 2016
1503,TED2016
1504,TEDMED 2016
1505,TED-Ed
1506,TEDxBerkeley
1507,TEDxBeaconStreet
1508,TEDWomen 2016
1509,TEDWomen 2016
1510,TEDNYC
1511,TEDxVienna
1512,TED Talks Live
1513,TEDWomen 2016
1514,TEDNYC
1515,TED Residency
1516,TEDxBeaconStreet
1517,TED-Ed
1518,TEDWomen 2016
1519,TED@IBM
1520,TEDxWarwick
1521,TEDWomen 2016
1522,TED-Ed
1523,TED Dialogues
1524,TED@IBM
1525,TEDxStanford
1526,TEDNYC
1527,TEDxMileHigh
1528,TED2015
1529,TED-Ed
1530,TEDWomen 2016
1531,TEDxManchester
1532,TED-Ed
1533,TEDxMidAtlantic
1534,TED@IBM
1535,TEDWomen 2016
1536,TEDxPortland
1537,TEDxBeaconStreet
1538,TEDMED 2016
1539,TEDxManhattanBeach
1540,TEDxExeter
1541,TED2016
1542,TEDWomen 2016
1543,TEDxExeter
1544,TED-Ed
1545,TED@IBM
1546,TEDWomen 2016
1547,TED-Ed
1548,TEDxVienna
1549,TEDxMarin
1550,TEDxYouth@Sydney
1551,TEDWomen 2016
1552,TEDSummit
1553,TED-Ed
1554,TEDWomen 2016
1555,TED-Ed
1556,TEDxKC
1557,TEDxBeaconStreet
1558,TED@IBM
1559,TEDxSFU
1560,TEDxOmaha
1561,TED Talks Live
1562,TEDWomen 2016
1563,TED@IBM
1564,TED-Ed
1565,TEDxBerlin
1566,TEDWomen 2016
1567,TEDxBeaconStreet
1568,TEDWomen 2016
1569,TED-Ed
1570,TEDxCambridge
1571,TEDWomen 2016
1572,TED Talks Live
1573,TEDxNewYork
1574,TEDSummit
1575,TEDxSaltLakeCity
1576,TEDxGhent
1577,TEDWomen 2016
1578,TEDxMtHood
1579,TEDxToronto
1580,TEDWomen 2016
1581,TED@UPS
1582,TEDNYC
1583,TED-Ed
1584,TEDxExeter
1585,TEDWomen 2016
1586,TEDSummit
1587,TED-Ed
1588,TEDxNewYork
1589,TEDSummit
1590,TEDWomen 2016
1591,TEDxOslo
1592,TED Talks Live
1593,TED Studio
1594,TEDSummit
1595,TEDWomen 2016
1596,TED Talks Live
1597,TED-Ed
1598,TED Residency
1599,TEDNYC
1600,TEDWomen 2016
1601,TEDWomen 2016
1602,TED2016
1603,TEDSummit
1604,TED@UPS
1605,TEDxBeaconStreet
1606,TED-Ed
1607,TEDSummit
1608,TEDxSydney
1609,TED2016
1610,TEDxAthens
1611,TED@UPS
1612,TED@UPS
1613,TED@UPS
1614,TED@UPS
1615,TED@UPS
1616,TED@UPS
1617,TED@UPS
1618,TED@UPS
1619,TED@UPS
1620,TEDxIndianaUniversity
1621,TEDxNewYork
1622,TED-Ed
1623,TED-Ed
1624,TED@UPS
1625,TEDNYC
1626,TEDxExeter
1627,TEDSummit
1628,TEDMED 2015
1629,TEDSummit
1630,TED-Ed
1631,TEDxMontreal
1632,TED@BCG Paris
1633,TEDMED 2015
1634,TEDSummit
1635,TEDSummit
1636,TED2016
1637,TED Studio
1638,TED-Ed
1639,TEDSummit
1640,TEDxStanford
1641,TEDNYC
1642,TEDSummit
1643,TED-Ed
1644,TEDSummit
1645,TEDSummit
1646,TED-Ed
1647,TED@BCG Paris
1648,TED Studio
1649,TEDNYC
1650,TEDSummit
1651,TED@BCG Paris
1652,TED Talks Live
1653,TEDxUniversityofNevada
1654,TED-Ed
1655,TEDNYC
1656,TEDSummit
1657,TED2016
1658,TEDSummit
1659,TED Talks Live
1660,TED@BCG Paris
1661,TED2016
1662,TEDxStanford
1663,TED2016
1664,TED-Ed
1665,TED Talks Live
1666,TEDSummit
1667,TEDSummit
1668,TED2016
1669,TEDxColoradoSprings
1670,TED-Ed
1671,TEDSummit
1672,TEDMED 2015
1673,TEDSummit
1674,TEDSummit
1675,TEDxDesMoines
1676,TED@BCG Paris
1677,TEDxRiodelaPlata
1678,TEDSummit
1679,TEDSummit
1680,TED Talks Live
1681,TEDSummit
1682,TEDxBoulder
1683,TEDSummit
1684,TEDxBend
1685,TED@BCG Paris
1686,TED2016
1687,TED-Ed
1688,TEDSummit
1689,TED-Ed
1690,TEDSummit
1691,TEDSummit
1692,TEDSummit
1693,TED@BCG Paris
1694,TED2016
1695,TED@BCG Paris
1696,TED@BCG Paris
1697,TED@BCG Paris
1698,TED@BCG Paris
1699,TED@BCG Paris
1700,TED@BCG Paris
1701,TED@BCG Paris
1702,TED@BCG Paris
1703,TEDSummit
1704,TED@BCG Paris
1705,TEDxMidAtlantic
1706,TED-Ed
1707,TED2016
1708,TED-Ed
1709,TEDSummit
1710,TEDSummit
1711,TED2016
1712,TED-Ed
1713,TED2016
1714,TEDxPSU
1715,TED@BCG Paris
1716,TED2016
1717,TED2016
1718,TED2016
1719,TED@BCG Paris
1720,TED-Ed
1721,TED-Ed
1722,TED2016
1723,TEDxSydney
1724,TEDxBrussels
1725,TED-Ed
1726,TED2016
1727,TED2016
1728,TED Talks Live
1729,TED2016
1730,TED2016
1731,TED-Ed
1732,TEDxPSU
1733,TED2016
1734,TED-Ed
1735,TED2016
1736,TED2016
1737,TED2016
1738,TED2016
1739,TED Talks Live
1740,TED-Ed
1741,TED2016
1742,TED Talks Live
1743,TED2016
1744,TED Talks Live
1745,TED2016
1746,TED2016
1747,TED2016
1748,TED-Ed
1749,TEDxEastEnd
1750,TED Talks Live
1751,TED2016
1752,TED2016
1753,TED-Ed
1754,TED Talks Live
1755,TED2016
1756,TED-Ed
1757,TED2016
1758,TED2016
1759,TEDxCERN
1760,TED2016
1761,TED2016
1762,TED2016
1763,TEDMED 2015
1764,TED2016
1765,TED@State Street Boston
1766,TED2016
1767,TED-Ed
1768,TED2016
1769,TED2016
1770,TED2016
1771,TEDxGatewayWomen
1772,TED Talks Live
1773,TED-Ed
1774,TEDActive 2015
1775,TED Studio
1776,TED-Ed
1777,TED2016
1778,TED2016
1779,TED2016
1780,TED Talks Live
1781,TED-Ed
1782,TED2015
1783,TED2016
1784,TED2016
1785,Global Witness
1786,TED2016
1787,TED Talks Live
1788,TED2016
1789,TED2016
1790,TED2016
1791,TED-Ed
1792,TED@BCG London
1793,TEDxBeaconStreet
1794,TED-Ed
1795,TED2016
1796,TED-Ed
1797,TED2016
1798,TED2016
1799,TED2016
1800,TED Talks Live
1801,TED-Ed
1802,TEDxBeaconStreet
1803,TED2016
1804,TED2016
1805,TED2016
1806,TED2016
1807,TED-Ed
1808,TED2016
1809,TED-Ed
1810,TED2016
1811,TED2016
1812,TED2016
1813,TEDxDelft
1814,TEDxBrussels
1815,TED2016
1816,TED2016
1817,TED2016
1818,TEDMED 2015
1819,TEDYouth 2015
1820,Mission Blue II
1821,TEDxVancouver
1822,TEDMED 2015
1823,TED@State Street Boston
1824,TED-Ed
1825,TED2016
1826,TED2016
1827,TED2016
1828,TED2016
1829,TED2016
1830,TED-Ed
1831,TEDxCreativeCoast
1832,TEDGlobal>Geneva
1833,TEDMED 2015
1834,TED-Ed
1835,Mission Blue II
1836,TEDxUM
1837,TEDxCERN
1838,TEDGlobal>Geneva
1839,TEDxVancouver
1840,TED-Ed
1841,TEDWomen 2015
1842,TEDMED 2015
1843,TEDGlobal 2014
1844,TED-Ed
1845,TEDxCERN
1846,TEDGlobal>London
1847,TEDGlobal>Geneva
1848,TEDxAmoskeagMillyard
1849,TED-Ed
1850,Mission Blue II
1851,TEDGlobal>Geneva
1852,TEDGlobal>Geneva
1853,TEDWomen 2015
1854,TEDxYouth@Sydney
1855,TEDGlobal>Geneva
1856,TEDYouth 2015
1857,TEDGlobal>London
1858,TEDGlobal>Geneva
1859,TEDxMidAtlantic
1860,TED-Ed
1861,TEDGlobal>London
1862,TEDGlobal>Geneva
1863,TEDxMarin
1864,TED2015
1865,TEDxCambridge
1866,TEDGlobal>Geneva
1867,TEDxBeaconStreet
1868,Mission Blue II
1869,TEDGlobal>London
1870,TEDGlobal>Geneva
1871,TEDWomen 2015
1872,TEDxGroningen
1873,TED-Ed
1874,TED2015
1875,Mission Blue II
1876,TEDYouth 2015
1877,TEDYouth 2015
1878,TED-Ed
1879,TEDYouth 2015
1880,TED Fellows Retreat 2015
1881,TEDxToulouse
1882,TED-Ed
1883,TED@IBM
1884,TEDxSMU
1885,Mission Blue II
1886,TED-Ed
1887,2015
1888,TED2015
1889,TED@UPS
1890,TEDGlobal>London
1891,TED Fellows Retreat 2015
1892,Mission Blue II
1893,Mission Blue II
1894,TED-Ed
1895,TEDWomen 2015
1896,TED@IBM
1897,TEDxCannes
1898,TED-Ed
1899,TED Fellows Retreat 2015
1900,TEDxOslo
1901,TED-Ed
1902,TEDWomen 2015
1903,TEDWomen 2015
1904,TEDGlobal>London
1905,TED Fellows 2015
1906,TED-Ed
1907,TED@State Street Boston
1908,TED@State Street Boston
1909,TED@State Street Boston
1910,TED@State Street Boston
1911,TED@State Street Boston
1912,TED@State Street Boston
1913,TED@State Street Boston
1914,TED@State Street Boston
1915,TED@State Street Boston
1916,TED@State Street Boston
1917,TED@State Street Boston
1918,TEDxThessaloniki
1919,TEDWomen 2015
1920,TED@UPS
1921,TED@UPS
1922,TED@UPS
1923,TED@UPS
1924,TED@UPS
1925,TED@UPS
1926,TED@UPS
1927,TED@UPS
1928,TED@UPS
1929,TED@UPS
1930,TED@UPS
1931,TED@UPS
1932,TEDGlobal>London
1933,TEDGlobal>London
1934,TED Fellows Retreat 2015
1935,TED Fellows Retreat 2015
1936,TEDGlobal>London
1937,TEDGlobal>London
1938,TED-Ed
1939,TEDxSydney
1940,TEDGlobal>London
1941,TED-Ed
1942,TED Fellows Retreat 2015
1943,TED Fellows Retreat 2015
1944,TEDGlobal>London
1945,TEDxProvidence
1946,TEDxPenn
1947,TEDGlobal>London
1948,TED2015
1949,TED-Ed
1950,TED@BCG London
1951,TED2015
1952,TED2015
1953,TED-Ed
1954,TEDGlobalLondon
1955,TEDxBend
1956,TED-Ed
1957,TEDxKC
1958,TEDxUF
1959,TEDGlobal 2014
1960,TED@BCG London
1961,TEDWomen 2015
1962,TEDWomen 2015
1963,TED-Ed
1964,TEDGlobalLondon
1965,TEDWomen 2015
1966,TEDxGoldenGatePark 2012
1967,TED-Ed
1968,TEDxChapmanU
1969,TEDWomen 2015
1970,TED-Ed
1971,TEDWomen 2015
1972,TED2015
1973,TEDWomen 2015
1974,TED2015
1975,TED2014
1976,TED@BCG London
1977,TED@BCG London
1978,TED@BCG London
1979,TED@BCG London
1980,TED@BCG London
1981,TED@BCG London
1982,TED@BCG London
1983,TED@BCG London
1984,TED@BCG London
1985,TED@BCG London
1986,TED@BCG London
1987,TED@BCG London
1988,TED2015
1989,TED2015
1990,TEDGlobalLondon
1991,TED-Ed
1992,TEDWomen 2015
1993,TEDGlobal 2014
1994,TED@BCG London
1995,TEDWomen 2015
1996,TED-Ed
1997,TED2015
1998,TEDGlobalLondon
1999,TED@NYC
2000,TED2015
2001,TEDGlobalLondon
2002,TED2015
2003,TEDWomen 2015
2004,TED2015
2005,TED2015
2006,TED-Ed
2007,TEDWomen 2015
2008,TED2015
2009,TED-Ed
2010,TEDGlobalLondon
2011,TED2015
2012,TEDxIndianapolis
2013,TEDWomen 2015
2014,TEDGlobalLondon
2015,TEDWomen 2015
2016,TED-Ed
2017,TEDMED 2013
2018,TED2015
2019,TEDWomen 2015
2020,TED-Ed
2021,TED2015
2022,TEDxBoulder
2023,TEDGlobalLondon
2024,TEDWomen 2015
2025,TED2015
2026,TEDWomen 2015
2027,TED2015
2028,TEDWomen 2015
2029,TED2015
2030,TED2015
2031,TED2015
2032,TED-Ed
2033,TEDSalon NY2015
2034,TEDWomen 2015
2035,TED2015
2036,TED2015
2037,TED2015
2038,TED-Ed
2039,TEDWomen 2015
2040,TED-Ed
2041,TEDWomen 2015
2042,TEDWomen 2015
2043,TED2015
2044,TED2015
2045,TED2015
2046,TEDWomen 2015
2047,TED2015
2048,TED2015
2049,TED2015
2050,TED2015
2051,TEDGlobal 2014
2052,TED2015
2053,TEDxSouthBank
2054,TED2015
2055,TED2015
2056,TED2015
2057,TED2015
2058,TED-Ed
2059,TED2015
2060,TED-Ed
2061,TED2015
2062,TEDxMuncyStatePrison
2063,TED2015
2064,TED2015
2065,TED-Ed
2066,TED2015
2067,TED2015
2068,TED-Ed
2069,TED2015
2070,TED2015
2071,TED-Ed
2072,TED2015
2073,TED2015
2074,TED2015
2075,TED2015
2076,TED2015
2077,TED2015
2078,TEDYouth 2014
2079,TED-Ed
2080,TED2015
2081,TED2015
2082,TED-Ed
2083,TED2015
2084,TED2015
2085,TED2015
2086,TED2015
2087,TEDxKyoto
2088,TED2015
2089,TEDxSydney
2090,TED2015
2091,TED2015
2092,TEDxRiodelaPlata
2093,TEDGlobal 2014
2094,TED2015
2095,TEDGlobal 2014
2096,TED2015
2097,TED-Ed
2098,TED2015
2099,TEDGlobal 2014
2100,TED2015
2101,TED2015
2102,TED2015
2103,TED2015
2104,TED2015
2105,TED2015
2106,TED-Ed
2107,TED2015
2108,TED2015
2109,TEDxSBU
2110,TED-Ed
2111,TEDxPlaceDesNations
2112,TED-Ed
2113,TEDxCambridge
2114,TEDxTokyo
2115,TEDxNewYork
2116,TED2014
2117,TEDGlobal 2014
2118,TEDGlobal 2014
2119,TED-Ed
2120,TEDGlobal 2014
2121,TEDxExeter
2122,TEDxCERN
2123,TED-Ed
2124,TEDGlobal 2014
2125,TED2014
2126,TEDxNewYork
2127,TEDxRiodelaPlata
2128,TEDGlobal 2014
2129,TED2014
2130,TEDxColumbus
2131,TEDGlobal 2014
2132,TEDGlobal 2014
2133,TEDMED 2014
2134,TEDxLinnaeusUniversity
2135,TEDxBinghamtonUniversity
2136,TEDYouth 2014
2137,TED-Ed
2138,TEDGlobal 2014
2139,TEDYouth 2014
2140,TEDYouth 2014
2141,TEDGlobal 2013
2142,TEDxYouth@Manchester
2143,TED-Ed
2144,TEDxPlaceDesNations
2145,TED-Ed
2146,TEDGlobal 2014
2147,TEDGlobal 2014
2148,TED-Ed
2149,TEDxCanberra
2150,TEDGlobal 2014
2151,TEDGlobal 2014
2152,TED@State Street London
2153,TEDGlobal 2014
2154,TEDYouth 2014
2155,TEDGlobal 2014
2156,TEDxRiodelaPlata
2157,TEDGlobal 2014
2158,TEDGlobal 2014
2159,TEDGlobal 2014
2160,TEDGlobal 2014
2161,TED-Ed
2162,TEDYouth 2014
2163,TED2014
2164,TED-Ed
2165,TED@BCG Berlin
2166,TED-Ed
2167,TEDGlobal 2014
2168,TEDxBeaconStreet
2169,TED-Ed
2170,TED@BCG Berlin
2171,TED@BCG Berlin
2172,TED@BCG Berlin
2173,TED@BCG Berlin
2174,TED@BCG Berlin
2175,TED@BCG Berlin
2176,TEDYouth 2014
2177,TED@BCG Berlin
2178,TED@BCG Berlin
2179,TED@BCG Berlin
2180,TED@BCG Berlin
2181,TED@BCG Berlin
2182,TED@BCG Berlin
2183,TED@BCG Berlin
2184,TED@BCG Berlin
2185,TED@BCG Berlin
2186,TED@BCG Berlin
2187,TED@BCG Berlin
2188,TED@BCG Berlin
2189,TEDGlobal 2014
2190,TEDGlobal 2014
2191,TEDxNorrkoping
2192,TEDxBrussels
2193,TEDxBeaconStreet
2194,TEDGlobal 2014
2195,TED-Ed
2196,TEDGlobal 2014
2197,TEDxArendal
2198,TEDGlobal 2014
2199,TEDGlobal 2014
2200,TEDGlobal 2014
2201,TEDMED 2014
2202,TED@BCG Berlin
2203,TED2014
2204,TED-Ed
2205,TEDGlobal 2014
2206,TEDSalon NY2014
2207,TEDxNewYork
2208,TEDGlobal 2014
2209,TEDMED 2014
2210,TEDGlobal 2014
2211,TEDxBoston
2212,TED@State Street London
2213,TED@State Street London
2214,TED@State Street London
2215,TED@State Street London
2216,TED@State Street London
2217,TED@State Street London
2218,TED@State Street London
2219,TED@State Street London
2220,TED@State Street London
2221,TED@State Street London
2222,TED@State Street London
2223,TED@State Street London
2224,TED@State Street London
2225,TED@State Street London
2226,TED2014
2227,TED@State Street Boston
2228,TEDGlobal 2014
2229,TED-Ed
2230,TEDMED 2014
2231,TEDGlobal 2014
2232,TEDGlobal 2014
2233,TED-Ed
2234,TEDMED 2014
2235,TEDGlobal 2014
2236,TEDGlobal 2014
2237,TED@IBM
2238,TED-Ed
2239,TEDGlobal 2014
2240,TEDGlobal 2014
2241,TEDSalon Berlin 2014
2242,TED-Ed
2243,TEDMED 2014
2244,TED2014
2245,TEDSalon Berlin 2014
2246,TED-Ed
2247,TEDGlobal 2014
2248,TEDMED 2014
2249,TEDGlobal 2014
2250,TED@NYC
2251,TEDGlobal 2014
2252,TED-Ed
2253,TED@IBM
2254,TEDMED 2014
2255,TEDGlobal 2014
2256,TEDGlobal 2014
2257,TED-Ed
2258,TED@Unilever
2259,TED-Ed
2260,TEDMED 2014
2261,TEDGlobal 2014
2262,TEDGlobal 2014
2263,TEDGlobal 2014
2264,TED@Unilever
2265,TEDSalon Berlin 2014
2266,TEDSalon Berlin 2014
2267,TED-Ed
2268,TED2014
2269,TEDMED 2014
2270,TEDxBeaconStreet
2271,TED Fellows Retreat 2013
2272,TED2014
2273,TED@NYC
2274,TED2014
2275,TEDSalon Berlin 2014
2276,TED@Unilever
2277,TEDxAmazonia
2278,TED2014
2279,TED@Unilever
2280,TED@Unilever
2281,TED@Unilever
2282,TED@Unilever
2283,TED@Unilever
2284,TED@Unilever
2285,TED@Unilever
2286,TED@Unilever
2287,TED@Unilever
2288,TED@Unilever
2289,TED@Unilever
2290,TEDxSonomaCounty
2291,TED-Ed
2292,TED2014
2293,TEDSalon NY2014
2294,TED2014
2295,TEDSalon Berlin 2014
2296,TED@NYC
2297,TED2014
2298,TEDxBrighton
2299,TED2014
2300,TED2014
2301,TED-Ed
2302,TED2014
2303,TED@NYC
2304,TED@NYC
2305,TEDxHousesOfParliament
2306,TED-Ed
2307,TEDSalon Berlin 2014
2308,TED2014
2309,TED2014
2310,TED-Ed
2311,TEDSalon NY2014
2312,TED@NYC
2313,TED2014
2314,TED2014
2315,TED@NYC
2316,TED-Ed
2317,TEDCity2.0
2318,TEDxMonroeCorrectionalComplex
2319,TED-Ed
2320,TEDSalon NY2014
2321,TEDxClaremontColleges
2322,TEDxSydney
2323,TED2014
2324,TEDSalon Berlin 2014
2325,TED2014
2326,TED2014
2327,TED-Ed
2328,TED2014
2329,TED-Ed
2330,TEDSalon Berlin 2014
2331,TED2014
2332,TEDxBeaconStreet
2333,TED2014
2334,TED2014
2335,TED-Ed
2336,TEDxExeter
2337,TEDGlobal 2013
2338,TED-Ed
2339,TED2014
2340,TED2014
2341,TEDxKyoto
2342,TEDSalon NY2014
2343,TEDSalon Berlin 2014
2344,TED2014
2345,TEDxColumbus
2346,TEDGlobal 2013
2347,TEDxStanford
2348,TEDSalon NY2014
2349,TEDxCMU
2350,TED-Ed
2351,TED2014
2352,TED2014
2353,TEDSalon NY2014
2354,TEDSalon NY2014
2355,TEDxUofM
2356,TEDSalon NY2014
2357,TEDActive 2014
2358,TEDGlobal 2013
2359,TED2014
2360,TED2014
2361,TEDxSydney
2362,TED2014
2363,TED2014
2364,TEDGlobal 2013
2365,TED2014
2366,TED-Ed
2367,TED2014
2368,TED2014
2369,TED2014
2370,TED2014
2371,TED2014
2372,TEDSalon NY2014
2373,TEDSalon NY2014
2374,TED2014
2375,TED2014
2376,TED-Ed
2377,TEDxMidAtlantic 2013
2378,TED2014
2379,TEDActive 2014
2380,TEDxLeuvenSalon
2381,TED2014
2382,TED-Ed
2383,TED2014
2384,TEDxUMKC
2385,TED2014
2386,TED-Ed
2387,TED2014
2388,TED2014
2389,TED2014
2390,TED2014
2391,TED2014
2392,TED-Ed
2393,TED2014
2394,TED2014
2395,TED-Ed
2396,TED2014
2397,TED2014
2398,TED2014
2399,TED-Ed
2400,TED Fellows Retreat 2013
2401,TEDxPerth
2402,TED2014
2403,TED2014
2404,TED2014
2405,TED2014
2406,TEDxBeaconStreet
2407,TED2014
2408,TED-Ed
2409,TED2014
2410,TED2014
2411,TED2014
2412,TED2014
2413,TED-Ed
2414,TED@NYC
2415,TED2014
2416,TED2014
2417,TEDxMidAtlantic 2013
2418,TED2014
2419,TED2014
2420,TED Studio
2421,TED-Ed
2422,TED2014
2423,TED2014
2424,TED-Ed
2425,TED2014
2426,TED2014
2427,TED2014
2428,TED2014
2429,TED2014
2430,TED2014
2431,TED-Ed
2432,TED2014
2433,TED2014
2434,TED2014
2435,TED-Ed
2436,TED2013
2437,TED2012
2438,TEDGlobal 2013
2439,TEDGlobal 2013
2440,TEDGlobal 2013
2441,TED-Ed
2442,TED2013
2443,TEDGlobal 2012
2444,TED Fellows Retreat 2013
2445,TED Fellows Retreat 2013
2446,TED@BCG San Francisco
2447,TED2013
2448,TEDGlobal 2013
2449,TEDYouth 2013
2450,TED-Ed
2451,TED@State Street Boston
2452,TED-Ed
2453,TEDCity2.0
2454,TEDGlobal 2013
2455,TEDxBoulder
2456,TED2013
2457,TED@BCG San Francisco
2458,TED-Ed
2459,TEDGlobal 2013
2460,TEDxParis 2012
2461,TEDWomen 2013
2462,TED@State Street Boston
2463,TED2013
2464,TEDxHousesOfParliament
2465,TED Fellows Retreat 2013
2466,TEDxBeaconStreet
2467,TEDGlobal 2013
2468,TED@BCG San Francisco
2469,TEDWomen 2013
2470,TEDWomen 2013
2471,TED-Ed
2472,TEDxZurich 2013
2473,TEDYouth 2013
2474,TED@BCG San Francisco
2475,TED-Ed
2476,TEDGlobal 2013
2477,TED@State Street Boston
2478,TED@BCG San Francisco
2479,TED@BCG San Francisco
2480,TED@BCG San Francisco
2481,TED@BCG San Francisco
2482,TED@BCG San Francisco
2483,TED@BCG San Francisco
2484,TED@BCG San Francisco
2485,TED@BCG San Francisco
2486,TED@BCG San Francisco
2487,TEDWomen 2013
2488,TEDGlobal 2013
2489,TEDxJaffa 2013
2490,TED-Ed
2491,TEDxMet
2492,TEDWomen 2013
2493,TEDGlobal 2013
2494,TED-Ed
2495,TED@BCG Singapore
2496,TED@BCG San Francisco
2497,TED-Ed
2498,TEDxCaFoscariU
2499,TEDGlobal 2013
2500,TED-Ed
2501,TED@State Street Boston
2502,TEDxBeirut
2503,TEDWomen 2013
2504,TED-Ed
2505,TEDMED 2013
2506,TEDWomen 2013
2507,TEDxMarin
2508,TED-Ed
2509,TEDWomen 2013
2510,TEDxMet
2511,TED@BCG San Francisco
2512,TEDCity2.0
2513,TED@BCG Singapore
2514,TED-Ed
2515,TEDxBratislava
2516,TEDYouth 2013
2517,TEDCity2.0
2518,TEDWomen 2013
2519,TEDCity2.0
2520,TED2013
2521,TED@NYC
2522,TEDxBoston
2523,TED-Ed
2524,TEDGlobal 2013
2525,TEDGlobal 2013
2526,TEDGlobal 2013
2527,TED2013
2528,TEDGlobal 2013
2529,TEDGlobal 2013
2530,TEDxMidAtlantic
2531,TED-Ed
2532,TEDGlobal 2013
2533,TEDGlobal 2013
2534,TEDGlobal 2013
2535,TED@BCG Singapore
2536,TEDCity2.0
2537,TEDCity2.0
2538,TEDGlobal 2013
2539,TEDGlobal 2013
2540,TED-Ed
2541,TEDxBrussels
2542,TED@State Street Boston
2543,TED@State Street Boston
2544,TED@State Street Boston
2545,TED@State Street Boston
2546,TED@State Street Boston
2547,TED@State Street Boston
2548,TED@State Street Boston
2549,TED@State Street Boston
2550,TEDGlobal 2013
2551,TEDCity2.0
2552,TEDSalon NY2013
2553,TED2013
2554,TEDGlobal 2013
2555,TEDGlobal 2013
2556,TEDxUdeM
2557,TEDGlobal 2013
2558,TEDGlobal 2013
2559,TEDxCERN
2560,TEDSalon NY2013
2561,TEDGlobal 2013
2562,TEDGlobal 2013
2563,TEDGlobal 2013
2564,TEDGlobal 2013
2565,TEDCity2.0
2566,TEDMED 2013
2567,TED-Ed
2568,TEDCity2.0
2569,TEDSalon NY2013
2570,TEDMED 2013
2571,TEDGlobal 2013
2572,TED-Ed
2573,TEDCity2.0
2574,TEDGlobal 2013
2575,TEDGlobal 2013
2576,TED2013
2577,TEDGlobal 2013
2578,TEDSalon NY2013
2579,TED-Ed
2580,TEDMED 2013
2581,TED-Ed
2582,TEDSalon NY2013
2583,TEDxKids@Ambleside
2584,TED-Ed
2585,TED2013
2586,TEDxHousesOfParliament
2587,TED2013
2588,TED-Ed
2589,TEDGlobal 2013
2590,TEDGlobal 2013
2591,TED-Ed
2592,TEDGlobal 2013
2593,TED2013
2594,TEDGlobal 2013
2595,TED2013
2596,TEDGlobal 2013
2597,TEDGlobal 2013
2598,TEDxSydney
2599,TEDSalon NY2013
2600,TED-Ed
2601,TEDGlobal 2013
2602,TEDGlobal 2013
2603,TEDGlobal 2013
2604,TEDGlobal 2013
2605,TED-Ed
2606,TED2013
2607,TED-Ed
2608,TEDGlobal 2013
2609,TED-Ed
2610,TEDxBoston
2611,TEDGlobal 2013
2612,TEDxTokyo
2613,TEDxDanubia
2614,TEDxWarwick
2615,TED2013
2616,TED2013
2617,TED2013
2618,TEDxColbyCollege
2619,TED2013
2620,TEDxNijmegen
2621,TED2011
2622,TEDMED 2013
2623,TEDGlobal 2013
2624,TED@New York
2625,TED-Ed
2626,TEDGlobal 2013
2627,TEDGlobal 2013
2628,TED2013
2629,TED-Ed
2630,TEDxCERN
2631,TEDxSydney
2632,TED-Ed
2633,TEDGlobal 2013
2634,TEDGlobal 2013
2635,TEDGlobal 2013
2636,TED2012
2637,TED2013
2638,TED-Ed
2639,TED2013
2640,TED2013
2641,TED-Ed
2642,TEDGlobal 2013
2643,TED-Ed
2644,TED2013
2645,TED2013
2646,TEDxAustin
2647,TEDGlobal 2013
2648,TED2013
2649,TED-Ed
2650,TED-Ed
2651,TED-Ed
2652,TED-Ed
2653,TED-Ed
2654,TED-Ed
2655,TEDxDeExtinction
2656,TEDSalon NY2013
2657,TED-Ed
2658,TEDMED 2013
2659,TED-Ed
2660,TEDGlobal 2013
2661,TED2013
2662,TEDxSydney
2663,TEDGlobal 2013
2664,TEDGlobal 2013
2665,TEDGlobal 2013
2666,TEDGlobal 2013
2667,TEDGlobal 2013
2668,TEDGlobal 2013
2669,TEDGlobal 2013
2670,TED-Ed
2671,TED2013
2672,TED2013
2673,TED2013
2674,TED2013
2675,TED2013
2676,TEDMED 2013
2677,TED2013
2678,TED-Ed
2679,TEDxDeExtinction
2680,TED-Ed
2681,TEDxFiDiWomen
2682,TED-Ed
2683,TEDSalon NY2013
2684,TED2013
2685,TED2013
2686,TED-Ed
2687,TED2013
2688,TED2013
2689,TED-Ed
2690,TED2013
2691,TED2013
2692,TEDSalon NY2013
2693,TED-Ed
2694,TED2013
2695,TED-Ed
2696,TED@Intel
2697,TED2013
2698,TED Talks Education
2699,TED Talks Education
2700,TED Talks Education
2701,TED Talks Education
2702,TED Talks Education
2703,TED Talks Education
2704,TED Talks Education
2705,TED2013
2706,TEDxMiamiUniversity
2707,TED-Ed
2708,TED-Ed
2709,TED Talks Education
2710,TED-Ed
2711,TED2013
2712,TED2013
2713,TED2013
2714,TED2013
2715,TED2013
2716,TED@Intel
2717,TEDActive 2013
2718,TED2013
2719,TED2013
2720,TED2013
2721,TED2013
2722,TEDxCaltech
2723,TED2013
2724,TEDxCaltech
2725,TED-Ed
2726,TED2013
2727,TEDGlobal 2012
2728,TED@Intel
2729,TED-Ed
2730,TEDxRiodelaPlata
2731,TED-Ed
2732,TED2013
2733,TED2013
2734,TEDxSeattleU
2735,TED2013
2736,TED2013
2737,TED2013
2738,TED2013
2739,TEDYouth 2012
2740,TEDxCaltech
2741,TED@Intel
2742,TED@Intel
2743,TED@Intel
2744,TED@Intel
2745,TED@Intel
2746,TED@Intel
2747,TED@Intel
2748,TED@Intel
2749,TED@Intel
2750,TED@Intel
2751,TED@Intel
2752,TED@Intel
2753,TED@Intel
2754,TED@Intel
2755,TED@Intel
2756,TED2013
2757,TED-Ed
2758,TED2013
2759,TED2013
2760,TED2013
2761,TEDMED 2012
2762,TED-Ed
2763,TED2013
2764,TED2013
2765,TED2013
2766,TEDGlobal 2012
2767,TED-Ed
2768,TED2013
2769,TED-Ed
2770,TED2013
2771,TEDxCaltech
2772,TED2013
2773,TED2013
2774,TED-Ed
2775,TEDxMidAtlantic
2776,TED2013
2777,TED2013
2778,TED-Ed
2779,TED2013
2780,TED2013
2781,TED2013
2782,TED2013
2783,TEDxConcorde
2784,TED-Ed
2785,TEDSalon NY2013
2786,TEDxCaltech
2787,TEDGlobal 2012
2788,TEDxPortofSpain
2789,TEDGlobal 2012
2790,TEDMED 2012
2791,TEDxSeoul
2792,TEDSalon NY2013
2793,TED-Ed
2794,TEDxZurich 2012
2795,TEDxDelft
2796,TEDxWomen 2012
2797,TEDxThessaloniki
2798,TEDGlobal 2012
2799,TED2012
2800,TEDxBeaconStreet
2801,TEDxWomen 2012
2802,SoulPancake
2803,TEDxSummit
2804,TEDxWomen 2012
2805,TEDxBeaconStreet
2806,TEDSalon London Fall 2012
2807,TEDxRainier
2808,TEDxBeaconStreet
2809,TEDxMidAtlantic
2810,TEDxWomen 2012
2811,TEDxBeaconStreet
2812,TED-Ed
2813,TEDxGlasgow
2814,TEDxMidAtlantic
2815,TEDGlobal 2012
2816,TEDxWomen 2012
2817,TEDSalon London Fall 2012
2818,TEDxGoodenoughCollege
2819,TEDxHampshireCollege
2820,TED-Ed
2821,TEDxWomen 2012
2822,TED-Ed
2823,TEDSalon NY2012
2824,TED2012
2825,TEDSalon London Fall 2012
2826,TEDGlobal 2012
2827,TEDxJaffa 2012
2828,TEDSalon NY2012
2829,TED2012
2830,TED-Ed
2831,TEDSalon London Fall 2012
2832,TED-Ed
2833,TEDGlobal 2012
2834,TEDSalon London Fall 2012
2835,TED-Ed
2836,TEDxWitsUniversity
2837,TEDxSummit
2838,TEDSalon London Fall 2012
2839,TEDxZurich 2012
2840,TEDYouth 2011
2841,TEDGlobal 2012
2842,TED@New York
2843,TED-Ed
2844,TED@Johannesburg
2845,TEDxGeorgetown
2846,TEDGlobal 2012
2847,TED@Nairobi
2848,TEDxKC
2849,TEDxHelvetia
2850,TEDxEQChCh
2851,TEDGlobal 2012
2852,TEDxSF
2853,TED@New York
2854,TEDxBoston 2012
2855,TEDxCHUV
2856,TEDGlobal 2012
2857,TEDYouth 2011
2858,TED@New York
2859,TED@Bangalore
2860,TED2012
2861,TEDxWinnipeg
2862,TED-Ed
2863,TEDSalon London Spring 2012
2864,TEDxMaui
2865,TEDxSanDiego
2866,TEDxCambridge
2867,TED@London
2868,TED-Ed
2869,TED-Ed
2870,TEDxToronto 2011
2871,TEDxDublin
2872,TEDGlobal 2012
2873,TED-Ed
2874,TEDxHousesOfParliament
2875,TEDGlobal 2012
2876,TEDxUSC
2877,TEDxHousesOfParliament
2878,TEDxEast
2879,TED-Ed
2880,TEDGlobal 2012
2881,TEDGlobal 2012
2882,TEDGlobal 2012
2883,TEDGlobal 2012
2884,TEDGlobal 2012
2885,TEDGlobal 2012
2886,TEDGlobal 2012
2887,TEDGlobal 2012
2888,TEDGlobal 2012
2889,TEDGlobal 2012
2890,TEDGlobal 2012
2891,TED2012
2892,TEDGlobal 2012
2893,TEDGlobal 2012
2894,TEDMED 2012
2895,TEDGlobal 2012
2896,TEDGlobal 2012
2897,TEDxDublin
2898,TEDGlobal 2012
2899,TEDMED 2012
2900,TED-Ed
2901,TEDGlobal 2012
2902,TEDGlobal 2012
2903,TEDxBoston 2012
2904,TEDGlobal 2012
2905,TEDMED 2012
2906,TEDxExeter
2907,TEDGlobal 2012
2908,TEDGlobal 2012
2909,TEDGlobal 2012
2910,TEDSalon London Spring 2012
2911,TEDGlobal 2012
2912,TEDGlobal 2012
2913,TEDGlobal 2012
2914,TEDGlobal 2012
2915,TEDGlobal 2012
2916,TEDxUSC
2917,TEDxBoston 2012
2918,TEDGlobal 2012
2919,TEDGlobal 2012
2920,TEDGlobal 2012
2921,TEDGlobal 2012
2922,TEDGlobal 2012
2923,TEDxBoston 2012
2924,TED2012
2925,TEDxBoston 2012
2926,TEDGlobal 2012
2927,TEDxHousesOfParliament
2928,TEDxMaui
2929,TEDGlobal 2012
2930,TEDSalon London Spring 2012
2931,TEDGlobal 2012
2932,TEDGlobal 2012
2933,TEDxExeter
2934,TEDxUCL
2935,TEDxStanford
2936,TEDGlobal 2012
2937,TEDGlobal 2012
2938,TEDxManhattan
2939,TEDGlobal 2012
2940,TEDxObserver
2941,TEDxBoston 2012
2942,TEDGlobal 2012
2943,TEDGlobal 2012
2944,TEDSalon London Spring 2012
2945,TEDGlobal 2012
2946,TEDGlobal 2012
2947,TEDxSummit
2948,TEDxImperialCollege
2949,TEDGlobal 2012
2950,TEDGlobal 2012
2951,TEDxStanford
2952,TED-Ed
2953,TEDGlobal 2012
2954,TEDGlobal 2012
2955,TED2012
2956,TEDxAustin
2957,TED-Ed
2958,TED2012
2959,TEDGlobal 2012
2960,TEDxStanford
2961,TEDMED 2012
2962,TEDGlobal 2012
2963,TEDGlobal 2012
2964,TEDxSummit
2965,TEDxSummit
2966,TEDGlobal 2012
2967,TEDGlobal 2012
2968,TEDGlobal 2012
2969,TEDGlobal 2012
2970,TEDGlobal 2012
2971,TEDxSummit
2972,TEDMED 2012
2973,TEDxLondonBusinessSchool
2974,TEDxSanDiego
2975,TED-Ed
2976,TEDxSummit
2977,TED2012
2978,TED2012
2979,TEDMED 2012
2980,TEDxAustin
2981,TEDxABQ
2982,TEDxUSC
2983,TEDxGrandRapids
2984,TED2012
2985,TEDSalon London Spring 2012
2986,TEDMED 2012
2987,TED2012
2988,TEDxPeachtree
2989,TED2012
2990,TED2012
2991,TED2012
2992,TEDMED 2012
2993,TEDxSummit
2994,TEDxSussexUniversity
2995,TEDxSanJoseCA
2996,TED2012
2997,TEDxHogeschoolUtrecht
2998,TEDxSummit
2999,TEDxSummit
3000,TEDxBerkeley
3001,TEDxWarwick
3002,TED2012
3003,TEDxSummit
3004,TED2012
3005,TEDxSummit
3006,TED2012
3007,TEDxMonterey
3008,TEDxAustin
3009,TED2012
3010,TED2012
3011,TED2012
3012,TED2012
3013,TED2012
3014,TEDxMaastricht
3015,TEDxSMU
3016,TED2012
3017,TED2012
3018,TED2012
3019,TED@SXSWi
3020,TED2012
3021,TEDxPhoenix
3022,TEDxTeen
3023,TEDxAthens
3024,TED2012
3025,TED2012
3026,TEDSalon NY2012
3027,TED2012
3028,TEDxPhoenix
3029,TEDxConcordiaUPortland
3030,TED2012
3031,TED2012
3032,TED-Ed
3033,TED-Ed
3034,TEDxCambridge
3035,TED2012
3036,TED2012
3037,TEDxWomen 2011
3038,TEDSalon London Fall 2011
3039,TED2012
3040,TED2012
3041,TED2012
3042,TEDxKrakow
3043,TEDxChange
3044,TEDxPeachtree
3045,TED2012
3046,TEDxTC
3047,TEDYouth 2011
3048,TED2012
3049,TED2012
3050,TED2012
3051,TED2012
3052,TED-Ed
3053,TEDxOslo
3054,TEDxPittsburgh
3055,TED2012
3056,TED2012
3057,TED2012
3058,TED2012
3059,TED2012
3060,TEDxNewy
3061,TEDxVancouver
3062,TED2012
3063,TED2012
3064,TEDxWomen 2011
3065,TED2012
3066,TEDxPortofSpain
3067,TEDxCambridge
3068,TED2012
3069,TED2012
3070,TED2012
3071,TED-Ed
3072,TED-Ed
3073,TED-Ed
3074,TED-Ed
3075,TEDxUW
3076,TEDxPhoenix
3077,TED2012
3078,TED2012
3079,TED2012
3080,TED2012
3081,TED2012
3082,TED2012
3083,TED2012
3084,TED2012
3085,TED2012
3086,Mission Blue Voyage
3087,TEDGlobal 2011
3088,TEDYouth 2011
3089,TEDxAsheville
3090,TEDxMidAtlantic
3091,TEDxWomen 2011
3092,TEDSalon NY2011
3093,INK Conference
3094,TEDxRainier
3095,TEDGlobal 2011
3096,TEDxPhoenix
3097,TEDxVictoria
3098,TEDxRC2
3099,TEDxDublin
3100,TEDxMaastricht
3101,TEDxGreatPacificGarbagePatch
3102,TEDxAmericanRiviera
3103,TEDWomen 2010
3104,TEDxIslay
3105,TEDxToronto 2010
3106,TEDSalon London Fall 2011
3107,TEDxVancouver
3108,TEDWomen 2010
3109,TEDxCanberra
3110,TEDSalon London Spring 2011
3111,TEDxEast
3112,TEDxSanMigueldeAllende
3113,Mission Blue Voyage
3114,TED1994
3115,TEDxMidAtlantic
3116,TEDxBloomington
3117,TEDMED 2011
3118,TEDxAmsterdam
3119,TEDxBoston 2011
3120,TEDxEast
3121,TEDxWomen 2011
3122,TEDxToronto 2010
3123,TEDMED 2011
3124,TEDSalon London Spring 2011
3125,TEDxYouth@Manchester
3126,TEDxNASA@SiliconValley
3127,TEDxMIA
3128,TEDSalon NY2011
3129,TEDSalon NY2012
3130,TEDxBrussels
3131,TEDGlobal 2011
3132,TEDGlobal 2011
3133,TEDxBrussels
3134,TEDxYYC
3135,TEDxWomen 2011
3136,TEDxSydney
3137,TEDxRC2
3138,TEDxWomen 2011
3139,TEDxMidAtlantic
3140,TEDxBoston 2011
3141,TEDxTC
3142,TEDxZurich 2011
3143,TEDxBrussels
3144,TEDxWomen 2011
3145,TEDMED 2011
3146,TEDxRC2
3147,TEDGlobal 2011
3148,TEDSalon NY2011
3149,TEDMED 2011
3150,TED2011
3151,TEDxCanberra
3152,TEDxDirigo
3153,TEDxDU 2011
3154,TED2011
3155,TEDGlobal 2011
3156,TEDMED 2011
3157,TEDGlobal 2011
3158,TEDxYYC
3159,TEDxVienna
3160,TEDSalon NY2011
3161,TEDMED 2011
3162,TED2010
3163,TEDxCMU
3164,TEDxKrakow
3165,TEDxEast
3166,TEDxBoulder 2011
3167,TEDSalon NY2011
3168,TEDMED 2011
3169,TEDxBrussels
3170,TEDGlobal 2011
3171,TED2011
3172,TEDxOrangeCoast
3173,TEDxManhattan
3174,Full Spectrum Auditions
3175,TEDGlobal 2011
3176,TEDxBoulder 2011
3177,TEDxTeen
3178,TEDxKids@Brussels
3179,TEDGlobal 2011
3180,TEDGlobal 2011
3181,TEDxManhattanBeach
3182,TEDGlobal 2011
3183,INK Conference
3184,TEDxWaterloo
3185,TEDxSantaCruz
3186,TEDxBloomington
3187,TEDGlobal 2011
3188,TEDGlobal 2011
3189,TEDGlobal 2011
3190,TEDSalon London Spring 2011
3191,TEDxO'Porto
3192,TEDxThessaloniki
3193,TEDGlobal 2011
3194,TEDGlobal 2011
3195,TEDGlobal 2011
3196,TEDGlobal 2011
3197,TEDGlobal 2011
3198,TED2011
3199,TEDxBoston 2011
3200,TEDGlobal 2011
3201,RSA Animate
3202,TEDGlobal 2011
3203,TEDGlobal 2011
3204,TEDGlobal 2011
3205,TEDxParis 2010
3206,TEDGlobal 2011
3207,TEDGlobal 2011
3208,TEDGlobal 2011
3209,TEDGlobal 2011
3210,TEDGlobal 2011
3211,TEDSalon London Spring 2011
3212,TEDGlobal 2011
3213,TEDGlobal 2011
3214,TEDGlobal 2011
3215,Stanford University
3216,TED2011
3217,TEDxUIUC
3218,TEDGlobal 2011
3219,TEDGlobal 2011
3220,TEDGlobal 2011
3221,TEDGlobal 2011
3222,TEDGlobal 2011
3223,TEDGlobal 2011
3224,TED2011
3225,TEDGlobal 2011
3226,TEDGlobal 2011
3227,TEDxBoston 2011
3228,TEDGlobal 2011
3229,NextGen:Charity
3230,TEDWomen 2010
3231,TEDxBoston 2011
3232,TED2011
3233,TEDGlobal 2011
3234,TEDGlobal 2011
3235,TEDGlobal 2011
3236,TEDGlobal 2011
3237,TEDxParis 2010
3238,TED2011
3239,TEDWomen 2010
3240,TED2011
3241,TEDGlobal 2011
3242,TEDGlobal 2011
3243,TED2011
3244,TEDGlobal 2011
3245,TEDGlobal 2011
3246,TEDGlobal 2011
3247,TEDxBoston 2011
3248,TEDGlobal 2011
3249,TEDWomen 2010
3250,TED2011
3251,TEDGlobal 2011
3252,TEDGlobal 2011
3253,TEDGlobal 2011
3254,TEDGlobal 2011
3255,TEDGlobal 2011
3256,TEDGlobal 2011
3257,TEDGlobal 2011
3258,TEDGlobal 2011
3259,TEDGlobal 2011
3260,TEDGlobal 2011
3261,TEDGlobal 2011
3262,TEDGlobal 2011
3263,TEDGlobal 2011
3264,TEDGlobal 2011
3265,TEDGlobal 2011
3266,TEDGlobal 2011
3267,TEDGlobal 2011
3268,TED2011
3269,INK Conference
3270,TEDSalon London Spring 2011
3271,TED2011
3272,TED2011
3273,TED2011
3274,TEDxMaastricht
3275,TED2011
3276,Full Spectrum Auditions
3277,TEDSalon London Spring 2011
3278,TED2007
3279,TED2011
3280,TED2011
3281,TED2011
3282,Full Spectrum Auditions
3283,TED2011
3284,TEDxBG
3285,TED2011
3286,TEDxMaastricht
3287,TEDActive 2011
3288,TEDxNorthwesternU
3289,TED2011
3290,TED2011
3291,TED2011
3292,TEDxSiliconValley
3293,TEDActive 2011
3294,TED2011
3295,TED@Cannes
3296,TED2011
3297,Handheld Learning
3298,TED2011
3299,TEDxWarwick
3300,TEDWomen 2010
3301,TED2011
3302,TED2011
3303,Gel Conference
3304,TED2005
3305,TED2011
3306,TED2011
3307,TED2011
3308,TED2011
3309,TEDxCaltech
3310,TED2011
3311,TED2011
3312,TED2011
3313,TED2011
3314,TED2011
3315,TEDxCaltech
3316,TED2011
3317,TED2011
3318,TEDWomen 2010
3319,TED2011
3320,INK Conference
3321,TED2011
3322,TEDxCaltech
3323,TEDxPSU
3324,TED2011
3325,TED2011
3326,INK Conference
3327,TED2011
3328,TED2011
3329,TEDxPSU
3330,INK Conference
3331,TED2011
3332,TED2011
3333,TEDxToronto 2010
3334,TED2011
3335,TEDxGreatPacificGarbagePatch
3336,TEDWomen 2010
3337,TEDActive 2011
3338,TED2011
3339,TEDPrize@UN
3340,TED2011
3341,TED2011
3342,TED2011
3343,TED2011
3344,TED2011
3345,TED2011
3346,TEDxDubai
3347,TEDxAmsterdam
3348,TED2011
3349,TEDxPeachtree
3350,TED2011
3351,TEDWomen 2010
3352,TED2011
3353,TEDxAmsterdam
3354,TED2011
3355,TED2011
3356,TED2011
3357,TEDxRainier
3358,TED2011
3359,TED2011
3360,TEDWomen 2010
3361,TED2011
3362,TED2011
3363,TED2011
3364,TED2011
3365,TED2011
3366,TEDWomen 2010
3367,TEDMED 2010
3368,TEDWomen 2010
3369,TEDGlobal 2010
3370,TEDSalon London 2010
3371,TEDWomen 2010
3372,TED@MotorCity
3373,TEDWomen 2010
3374,TEDxRainier
3375,TEDPrize@UN
3376,TEDxRotterdam 2010
3377,TEDSalon London 2010
3378,TEDWomen 2010
3379,TEDWomen 2010
3380,TEDxSydney
3381,TEDWomen 2010
3382,TEDxPennQuarter
3383,TEDWomen 2010
3384,TED@MotorCity
3385,TEDWomen 2010
3386,TEDMED 2010
3387,TEDxToronto 2011
3388,TEDWomen 2010
3389,TEDMED 2010
3390,TEDSalon London 2010
3391,TEDWomen 2010
3392,TEDxGöteborg 2010
3393,TEDxGreatPacificGarbagePatch
3394,TEDMED 2010
3395,TEDWomen 2010
3396,TEDxPSU
3397,TEDWomen 2010
3398,TEDSalon London 2010
3399,TEDWomen 2010
3400,TEDWomen 2010
3401,TEDxToronto 2010
3402,TEDWomen 2010
3403,TEDxMidAtlantic
3404,TEDxRainier
3405,TEDWomen 2010
3406,TEDSalon NY2011
3407,TEDxHouston
3408,TEDxMidwest
3409,TEDWomen 2010
3410,TEDWomen 2010
3411,RSA Animate
3412,TEDxSydney
3413,TEDWomen 2010
3414,TEDxMidAtlantic
3415,TEDWomen 2010
3416,TEDWomen 2010
3417,TEDWomen 2010
3418,TEDWomen 2010
3419,TEDGlobal 2010
3420,TEDxRotterdam 2010
3421,TEDGlobal 2010
3422,TEDxMidwest
3423,TEDxNextGenerationAsheville
3424,TEDxHouston
3425,TEDxMidwest
3426,TEDGlobal 2010
3427,TEDxDU 2010
3428,Mission Blue Voyage
3429,TEDGlobal 2010
3430,TEDxTelAviv 2010
3431,TED2010
3432,TEDGlobal 2010
3433,TEDGlobal 2010
3434,TEDGlobal 2010
3435,TEDxDU 2010
3436,TEDGlobal 2010
3437,TEDGlobal 2010
3438,TED2010
3439,TEDGlobal 2010
3440,Mission Blue Voyage
3441,TEDGlobal 2010
3442,TEDGlobal 2010
3443,TEDGlobal 2010
3444,TEDxTelAviv 2010
3445,Mission Blue Voyage
3446,TEDGlobal 2010
3447,TEDIndia 2009
3448,TED2010
3449,TEDGlobal 2010
3450,Mission Blue Voyage
3451,TEDGlobal 2010
3452,TEDGlobal 2010
3453,Fort Worth City Council
3454,TEDGlobal 2010
3455,Business Innovation Factory
3456,TED Senior Fellows at TEDGlobal 2010
3457,TEDxChange
3458,TEDGlobal 2010
3459,TED2010
3460,TEDxChange
3461,Mission Blue Voyage
3462,TEDGlobal 2010
3463,TEDGlobal 2010
3464,TEDxChange
3465,TEDGlobal 2010
3466,TEDGlobal 2010
3467,TED@Cannes
3468,The Do Lectures
3469,TEDGlobal 2010
3470,TEDxBerlin
3471,TEDGlobal 2010
3472,TEDGlobal 2010
3473,TEDGlobal 2010
3474,TEDGlobal 2010
3475,TEDGlobal 2010
3476,TED@Cannes
3477,TEDGlobal 2010
3478,TEDGlobal 2010
3479,Mission Blue Voyage
3480,Gel Conference
3481,TEDxYYC
3482,Business Innovation Factory
3483,TEDIndia 2009
3484,TEDGlobal 2010
3485,TEDGlobal 2010
3486,TEDGlobal 2010
3487,TEDIndia 2009
3488,TEDGlobal 2010
3489,TEDGlobal 2010
3490,TEDGlobal 2010
3491,TEDxOilSpill
3492,Mission Blue Voyage
3493,RSA Animate
3494,TEDGlobal 2010
3495,TEDGlobal 2010
3496,TEDxBoston 2010
3497,TEDGlobal 2010
3498,TEDGlobal 2010
3499,TEDGlobal 2010
3500,New York State Senate
3501,TEDGlobal 2010
3502,TEDGlobal 2010
3503,TEDGlobal 2010
3504,TEDGlobal 2010
3505,Mission Blue Voyage
3506,Princeton University
3507,TEDxOilSpill
3508,TEDGlobal 2010
3509,TED2010
3510,TEDGlobal 2010
3511,TEDGlobal 2010
3512,TEDGlobal 2010
3513,TEDGlobal 2010
3514,TEDGlobal 2010
3515,TEDGlobal 2010
3516,TEDGlobal 2010
3517,TEDxOilSpill
3518,TED@Cannes
3519,TED2010
3520,TEDxEast
3521,TED2010
3522,TED2010
3523,TED2010
3524,Mission Blue Voyage
3525,TEDxAtlanta
3526,TED@Cannes
3527,TED2010
3528,TEDIndia 2009
3529,TEDSalon London 2010
3530,TED2010
3531,TED2010
3532,TEDIndia 2009
3533,TEDxEdmonton
3534,Mission Blue Voyage
3535,TED2010
3536,TED2010
3537,TED2010
3538,TED2010
3539,TEDSalon London 2010
3540,TED2010
3541,TED2010
3542,TEDxUSC
3543,TEDSalon London 2010
3544,TED2010
3545,Mission Blue Voyage
3546,TED2010
3547,TEDxNYED
3548,TEDGlobal 2009
3549,TED2010
3550,TED2010
3551,TEDxUSC
3552,TED2010
3553,TED in the Field
3554,TED2010
3555,Mission Blue Voyage
3556,TED2010
3557,TED2010
3558,Toronto Youth Corps
3559,TED2010
3560,TEDxNYED
3561,Mission Blue Voyage
3562,TED2010
3563,TED2010
3564,TED2010
3565,TEDIndia 2009
3566,Mission Blue Voyage
3567,TEDxPuget Sound
3568,TED2010
3569,TED2010
3570,TED2010
3571,Mission Blue Voyage
3572,TED2010
3573,TEDIndia 2009
3574,TED2010
3575,TED2010
3576,TED2010
3577,TED2007
3578,Mission Blue Voyage
3579,Eric Whitacre's Virtual Choir
3580,TED2009
3581,TED2010
3582,TED2010
3583,TED2010
3584,TED2010
3585,TED2010
3586,TEDxNASA
3587,TEDMED 2009
3588,TED2010
3589,DICE Summit 2010
3590,TED2010
3591,TED2010
3592,TED2010
3593,TEDIndia 2009
3594,TED2010
3595,Michael Howard Studios
3596,TED2010
3597,TEDxNASA
3598,TED2010
3599,TED2010
3600,TED2010
3601,TEDIndia 2009
3602,TEDMED 2009
3603,TED2010
3604,University of California
3605,TEDMED 2009
3606,TED2010
3607,Web 2.0 Expo 2008
3608,TEDMED 2009
3609,TED2010
3610,TED2010
3611,TED2010
3612,Arbejdsglaede Live
3613,TED2010
3614,TED2010
3615,BBC TV
3616,TED2010
3617,TEDIndia 2009
3618,TED2010
3619,World Science Festival
3620,TED2010
3621,TEDIndia 2009
3622,TED2010
3623,TEDMED 2009
3624,TED2010
3625,TEDxAmsterdam
3626,TED2010
3627,TEDMED 2009
3628,TED2010
3629,TED2010
3630,TED2010
3631,TEDxBerlin
3632,TED in the Field
3633,TEDMED 2009
3634,TEDxBoston 2009
3635,TEDMED 2009
3636,TEDIndia 2009
3637,Harvard University
3638,TEDIndia 2009
3639,TEDIndia 2009
3640,TEDIndia 2009
3641,TEDxSMU
3642,TEDMED 2009
3643,Bowery Poetry Club
3644,Royal Institution
3645,TEDIndia 2009
3646,TEDMED 2009
3647,TEDIndia 2009
3648,TEDMED 2009
3649,TED2005
3650,University of California
3651,TEDIndia 2009
3652,TEDIndia 2009
3653,TEDIndia 2009
3654,AORN Congress
3655,Stanford University
3656,Carnegie Mellon University
3657,TED2009
3658,TEDIndia 2009
3659,TEDxTC
3660,TEDGlobal 2009
3661,TEDIndia 2009
3662,TEDGlobal 2009
3663,Business Innovation Factory
3664,Justice with Michael Sandel
3665,TEDIndia 2009
3666,TEDGlobal 2009
3667,TEDIndia 2009
3668,TEDGlobal 2009
3669,TEDIndia 2009
3670,TEDIndia 2009
3671,TEDIndia 2009
3672,TEDGlobal 2009
3673,TEDGlobal 2009
3674,TEDIndia 2009
3675,EG 2008
3676,TEDGlobal 2009
3677,TEDIndia 2009
3678,EG 2008
3679,TEDIndia 2009
3680,TEDGlobal 2009
3681,TEDGlobal 2009
3682,TEDIndia 2009
3683,TEDIndia 2009
3684,TEDGlobal 2009
3685,TEDGlobal 2009
3686,TEDIndia 2009
3687,TEDGlobal 2009
3688,TEDIndia 2009
3689,TEDSalon London 2009
3690,TEDGlobal 2009
3691,TEDIndia 2009
3692,TEDGlobal 2009
3693,TEDGlobal 2009
3694,TEDGlobal 2009
3695,TED2009
3696,TEDGlobal 2009
3697,TEDGlobal 2009
3698,TEDGlobal 2009
3699,TEDGlobal 2009
3700,TEDGlobal 2009
3701,TEDGlobal 2009
3702,TEDGlobal 2009
3703,TEDGlobal 2009
3704,TEDGlobal 2009
3705,TEDxUSC
3706,TEDxKC
3707,TEDGlobal 2009
3708,TEDGlobal 2009
3709,TEDGlobal 2009
3710,TED2009
3711,TEDGlobal 2009
3712,TEDGlobal 2009
3713,TEDGlobal 2009
3714,TEDGlobal 2009
3715,TEDxUSC
3716,TEDGlobal 2009
3717,TEDGlobal 2009
3718,TEDGlobal 2009
3719,TEDGlobal 2009
3720,TEDGlobal 2009
3721,TEDGlobal 2009
3722,TED@State
3723,TEDGlobal 2009
3724,TEDGlobal 2009
3725,TEDGlobal 2009
3726,TEDGlobal 2009
3727,TEDGlobal 2009
3728,TED2009
3729,TEDGlobal 2009
3730,TEDGlobal 2009
3731,TEDGlobal 2009
3732,TED2006
3733,TEDGlobal 2009
3734,TEDGlobal 2009
3735,TEDGlobal 2009
3736,TEDGlobal 2009
3737,TEDGlobal 2009
3738,TEDGlobal 2009
3739,TEDGlobal 2009
3740,TEDGlobal 2009
3741,TED2009
3742,TED@State
3743,TEDGlobal 2009
3744,TEDGlobal 2009
3745,TEDGlobal 2009
3746,TEDGlobal 2009
3747,TEDGlobal 2009
3748,TEDGlobal 2009
3749,TEDGlobal 2009
3750,TEDGlobal 2009
3751,TED2009
3752,TEDGlobal 2009
3753,TEDGlobal 2009
3754,TED2009
3755,TED2009
3756,TED2009
3757,TED2009
3758,TED@State
3759,TED2009
3760,TED2009
3761,TED2009
3762,TED2007
3763,TED2009
3764,TED2009
3765,TED2009
3766,TED2009
3767,TED2007
3768,TED@State
3769,TED2009
3770,TEDxUSC
3771,TED2009
3772,TED2009
3773,TED@State
3774,TEDxUSC
3775,TED2009
3776,TED2009
3777,TED2004
3778,TED2009
3779,TED2009
3780,TED2009
3781,TED2004
3782,TED2009
3783,TED2009
3784,TED2009
3785,TED2008
3786,TED2009
3787,TED2009
3788,Elizabeth G. Anderson School
3789,TED2009
3790,TED2009
3791,TED2009
3792,TED2009
3793,EG 2008
3794,TED2009
3795,TED2009
3796,TED2009
3797,TED2009
3798,TED2009
3799,TED2009
3800,TED2009
3801,TED2009
3802,TED2003
3803,TED2002
3804,TED2009
3805,TED2009
3806,TED2007
3807,TED2009
3808,TED2004
3809,TED2009
3810,TED2002
3811,TED2009
3812,TED2009
3813,TED2002
3814,TED2009
3815,TED2009
3816,EG 2008
3817,TED2009
3818,TED2003
3819,TED2009
3820,TED2009
3821,TED2002
3822,TED2009
3823,TED2009
3824,TED2002
3825,TED2009
3826,TED2002
3827,TED2009
3828,TED2009
3829,TED2001
3830,TED2009
3831,TED2001
3832,EG 2008
3833,TED2009
3834,TED2009
3835,TED2009
3836,Serious Play 2008
3837,EG 2008
3838,TED2009
3839,TED2009
3840,TED2009
3841,Serious Play 2008
3842,TED2009
3843,TED2009
3844,TED2003
3845,TED2009
3846,EG 2008
3847,TED2009
3848,TED2009
3849,TED1998
3850,TED2009
3851,EG 2008
3852,TED2004
3853,TED2009
3854,TED2009
3855,TED2009
3856,TED2009
3857,TED2009
3858,TED2009
3859,TED2009
3860,TED2009
3861,TED2009
3862,TED1998
3863,TED2009
3864,TED2009
3865,TED2003
3866,TED2003
3867,TED2006
3868,TED1998
3869,TED2008
3870,TED2004
3871,TED2003
3872,Taste3 2008
3873,TED2006
3874,TED2003
3875,Serious Play 2008
3876,TED2004
3877,Taste3 2008
3878,TED2005
3879,TED2006
3880,TED2005
3881,TED2004
3882,TED2005
3883,Serious Play 2008
3884,TED2002
3885,Taste3 2008
3886,TED in the Field
3887,TED2004
3888,TED2006
3889,Taste3 2008
3890,TEDGlobal 2005
3891,TED2008
3892,Taste3 2008
3893,TED2001
3894,TED2004
3895,TED2007
3896,TED2005
3897,Serious Play 2008
3898,TED2008
3899,TED2008
3900,TED2008
3901,Taste3 2008
3902,TED2006
3903,Serious Play 2008
3904,TEDGlobal 2007
3905,TED2008
3906,TED2004
3907,TED2006
3908,Serious Play 2008
3909,TED2008
3910,TED2003
3911,TED2005
3912,Serious Play 2008
3913,TED2008
3914,TED2005
3915,TED2005
3916,TEDSalon 2009 Compassion
3917,Chautauqua Institution
3918,TEDSalon 2009 Compassion
3919,Chautauqua Institution
3920,Chautauqua Institution
3921,TEDSalon 2009 Compassion
3922,TEDGlobal 2007
3923,TED2005
3924,TED2008
3925,TED2003
3926,TED2003
3927,TED2004
3928,TED1998
3929,TED2008
3930,TED2004
3931,TED2004
3932,EG 2007
3933,TED2008
3934,TED2003
3935,TED2003
3936,TED2008
3937,TED2006
3938,TED Prize Wish
3939,EG 2007
3940,TED2003
3941,TED2008
3942,TED2003
3943,TED2003
3944,EG 2007
3945,TED2008
3946,TED2008
3947,TED2003
3948,TED2007
3949,TEDGlobal 2005
3950,TED2008
3951,EG 2007
3952,TED2002
3953,TED2005
3954,TED1998
3955,EG 2007
3956,TED2008
3957,TEDGlobal 2007
3958,TED2007
3959,EG 2007
3960,TEDGlobal 2005
3961,TED2008
3962,TED2006
3963,TEDGlobal 2007
3964,LIFT 2007
3965,EG 2007
3966,TED2008
3967,EG 2007
3968,TED2005
3969,TED2008
3970,TEDGlobal 2007
3971,TED2008
3972,TED2008
3973,TED2008
3974,TEDGlobal 2007
3975,EG 2007
3976,TED2003
3977,TED2007
3978,TED2008
3979,TED2008
3980,TEDGlobal 2007
3981,TED2004
3982,TED2004
3983,EG 2007
3984,TED1998
3985,TED2008
3986,TED2003
3987,TED2008
3988,TEDGlobal 2005
3989,TED2008
3990,TED2003
3991,TEDGlobal 2007
3992,TED2007
3993,EG 2007
3994,TED2008
3995,TED2008
3996,TED2008
3997,EG 2007
3998,TED2008
3999,TEDGlobal 2005
4000,TED2007
4001,TED2002
4002,TED2008
4003,TED2008
4004,TED2003
4005,TED2007
4006,TED2008
4007,TEDGlobal 2007
4008,TED2007
4009,TED2008
4010,TED2008
4011,TEDGlobal 2007
4012,TED2002
4013,TED2008
4014,TED2008
4015,EG 2007
4016,TED2008
4017,TED2008
4018,TED2002
4019,TED2007
4020,TED2008
4021,TEDGlobal 2007
4022,TED2007
4023,TED2008
4024,TED2005
4025,TED2008
4026,TEDGlobal 2007
4027,TEDGlobal 2005
4028,TED2008
4029,TED2008
4030,TED2008
4031,TED2008
4032,TED2007
4033,TED2007
4034,TED2008
4035,TEDGlobal 2007
4036,TED2006
4037,TED2008
4038,DLD 2007
4039,TED2008
4040,TED2008
4041,TED2008
4042,TED1990
4043,TED2008
4044,TED1984
4045,TED2008
4046,TED2007
4047,TED2008
4048,TED2007
4049,TEDGlobal 2007
4050,TED2002
4051,TED2007
4052,TED2002
4053,TED2002
4054,TED2002
4055,TED2005
4056,TED2007
4057,TED2002
4058,TED2007
4059,TED2007
4060,TED2002
4061,TEDGlobal 2005
4062,TED2007
4063,TED2007
4064,TED2002
4065,TED2007
4066,TED2002
4067,TED2007
4068,TED2007
4069,TED2007
4070,TED2003
4071,TED2007
4072,TED2007
4073,TED2007
4074,TED2007
4075,TED2007
4076,TED2005
4077,TED2005
4078,TED2007
4079,TED2007
4080,TEDGlobal 2007
4081,TED2005
4082,Skoll World Forum 2007
4083,TEDSalon 2007 Hot Science
4084,TEDSalon 2007 Hot Science
4085,TED2007
4086,TED2007
4087,TED2004
4088,TED2001
4089,TEDGlobal 2007
4090,TED2007
4091,TED2007
4092,TED2007
4093,TED2007
4094,TED2007
4095,TED2007
4096,TED2007
4097,TED2003
4098,TED2002
4099,TED2007
4100,TEDGlobal 2007
4101,TED2007
4102,TED2007
4103,TEDGlobal 2005
4104,TED2007
4105,TEDGlobal 2007
4106,TED2007
4107,TED2007
4108,TED2007
4109,TEDGlobal 2007
4110,TEDGlobal 2007
4111,TEDGlobal 2007
4112,TEDGlobal 2007
4113,TEDGlobal 2007
4114,TEDGlobal 2007
4115,TEDGlobal 2007
4116,TEDGlobal 2007
4117,TEDGlobal 2007
4118,TED2007
4119,TED2007
4120,TED2007
4121,TED2007
4122,TED2007
4123,TED2007
4124,TED2006
4125,TED2002
4126,TED2007
4127,TED2007
4128,TED2007
4129,TED2006
4130,TED2005
4131,TED2002
4132,TEDSalon 2006
4133,TED2007
4134,TED2007
4135,TED2007
4136,TED2007
4137,TED2003
4138,TED2003
4139,TED2006
4140,TED2002
4141,TED2004
4142,TED2006
4143,TED2004
4144,TED2002
4145,TED2004
4146,TED2004
4147,TED2006
4148,TED2002
4149,TED2005
4150,TED2003
4151,TED2003
4152,TED2006
4153,TED2003
4154,TED2005
4155,TED2003
4156,TED2003
4157,TED2005
4158,TED2006
4159,TEDGlobal 2005
4160,TEDGlobal 2005
4161,TEDSalon 2006
4162,TED2003
4163,TED2003
4164,TED2003
4165,TED2004
4166,TED2005
4167,TED2004
4168,TED2005
4169,TED2003
4170,TED2005
4171,TED2004
4172,TED2002
4173,TED2004
4174,TED2002
4175,TED2005
4176,TED2004
4177,TED2005
4178,TEDGlobal 2005
4179,TED2007
4180,TED2007
4181,TED2007
4182,TEDGlobal 2005
4183,TED2006
4184,TED2006
4185,TED2005
4186,TED2005
4187,TEDSalon 2006
4188,TEDGlobal 2005
4189,TED2006
4190,TEDGlobal 2005
4191,TED2006
4192,TED2003
4193,TED2005
4194,TEDGlobal 2005
4195,TEDSalon 2006
4196,TED2006
4197,TED2005
4198,TED2006
4199,TED2005
4200,TED2005
4201,TED2006
4202,TEDGlobal 2005
4203,TED2005
4204,TED2005
4205,TED2005
4206,TED2005
4207,TED2006
4208,TEDGlobal 2005
4209,TEDGlobal 2005
4210,TEDGlobal 2005
4211,TEDGlobal 2005
4212,TED2005
4213,TEDGlobal 2005
4214,TED2004
4215,TEDGlobal 2005
4216,TED2004
4217,TED2004
4218,TEDGlobal 2005
4219,TEDGlobal 2005
4220,TED2004
4221,TED2006
4222,TED2006
4223,TED2004
4224,TED2006
4225,TEDGlobal 2005
4226,TED2005
4227,TED2006
4228,TED2006
4229,TED2004
4230,TED2006
4231,TED2006
4232,TED2006
4233,TED2006
4234,TED2006
4235,TED2006
4236,TED2006
4237,TED2006
4238,TED2006
4239,TED2006
4240,TED2006
4241,TED2006
4242,TED2006
4243,TED2006
